Screen name,Follower count,Verified,Following count,Location,Description
abuyanjeric,149,False,226,,
MechNFT,29541,True,10449,The Metaverse,"Mech is an immersive gaming experience where you can battle, build, compete, earn, own, and create in-game assets using #AI. Powered by @0xpolygon"
seawindemperor,1,False,76,,æµ·è±äººã€‚
sajeev_kumar,1042,False,2537,singapore,#Technology enthusiast|#Project Manager|#Trainer|#Keynote Speaker| Author
torekkonews,6327,False,307,Future,"Daily news about web & decentralized technologies of the future
powered by @torekkocom"
Di54695Diamante,0,False,86,,
Beautifu_aimyra,65,False,841,,"We offer free short crypto pumps twice weekly.
1 million persons in our telegram channels participate weekly in our pumps."
american_sonder,0,False,5,,NFTs about American Life
yfichngtin26955,1,False,31,,å¿…ç‚Ÿç¦ä¸€é£å†²å¤©
andspringagain,141,False,365,,V.I.P until whenever ğŸ’›ğŸ’›ğŸ’›ğŸ’›ğŸ’› Until the end of time and some more.
Muhamma00443596,0,False,4,,
tomatochain,19141,False,46,,Official Tongtongcoin account.
RyanCopley11,1,False,34,,
VHung1970,25,False,289,,Van.hung1970
Coen19Coen,72,False,199,"Morgantown, WV",Right retired chef 30 years The retired since 40 and work and dabble in investing and reading up on investments Bitcoin Ethereum and FTS
tuna_mayo33,164,False,100,ç›¸æ–¹ï¼ˆè‡ªç§°ã€å½¼å¥³ï¼‰ï¼š@pina_ta921ã€€è¦ªå‹ï¼šå‹Ÿé›†ä¸­,"åå‰ã®ã€Œã€‚ã€ã«å‘½ãŒå®¿ã‚‹ç”Ÿãç‰©ã€‚
â€»ä¸€æ¬¡å‰µä½œãƒ¡ã‚¤ãƒ³ã§æ´»å‹•ä¸­

â– ãŠä»•äº‹ç”¨ï¼š@tsuna_mayo33_

â– ãµãã‚“ã‚ãƒ¼ã¨ï¼šï¼ƒã—ã‚‡ã“ã‚‰ã¦ã‡ã‚
â– è€ƒå¯Ÿãƒ»æ„Ÿæƒ³ç­‰ï¼šï¼ƒã¤ãªã¾ã‚ˆå›ã«å±Šãã¾ã™ã‚ˆã†ã«

âŒDon't use illusts without permission, Don't import illusts into AI"
gN9mmDbZsypZwXa,3,False,9,,ã¯ã˜ã‚ã¾ã—ãŸã€‚
Shiro35707324,3,False,29,,Gamers never die they respawn
lanchunxia,0,False,24,,
AarviRajput1,15,False,119,India,Senior Content writer
Donky_jpn,3,False,27,,"JAPANğŸ‡¯ğŸ‡µ
â›“NFT.Cryptoâ›“
@KaijuKingz ğŸ¦–ğŸ”¥"
MarkChr01904713,7,False,31,,
dkp032368,0,False,26,Thane Mumbai,"Trader at wall Street 
Crypto trader
wantrepreneur"
eringi413,176,False,261,,
zainulridick,32,False,778,,Lakukan yang terbaik
renniefly,2,False,102,,"Fair Launch NFT Marketplace, #Airdrop 80% of $STB to great majority of NFT traders!
#STBAirdrop
https://t.co/ov2mN5iqoA"
zoesuper9,1,False,16,,
CardAlexx,219,False,97,Opensea,"Artist of many #Nft projects ğŸš€ | Participant of The Cart Game Project ğŸ® | The #metaverse has a great future.
ğŸ“ˆ"
PercivalPerrins,1,False,50,,Quantum AI on the Blockchain https://t.co/L6m3HBN783
PaulMcCull425,1,False,19,,
PayGG5,43,False,284,USA.,"#NFT #cryptocurrencies news, updates and featured projects."
flgastudio,12,False,62,"New York, NY",
hackscrypto0003,0,False,5,Dubai,#NFT #CryptoAirdrops #Airdrop Hunter
0xcerf_,58,False,990,Ciudad Guayana-Venezuela,#BTC #TRX #BNB #AVAX #BINANCE ğŸ‡»ğŸ‡ª
0xAsbury,132,False,424,,How much is the pride?
NeuralLabsNFT,9,False,49,Web3,Revolutionizing NFTs with AI-generated collections. Join us at Neural Labs NFT as we push the boundaries of creativity in the digital art world. #NFT #AI
wava_crypto,3,False,112,,Crazy and funny personalities are here to stay
jeffhonforloco,712,False,443,"Providence, RI USA","Founder & CEO, Didit360 @didit360live @didit360news | https://t.co/hCsrH3Cpyk"
Donate_Meals,40,False,561,"Johnstown, PA",Donate To End Child Hunger. Donate Hope.
suiartists,2,False,63,Sui Ecosystem,Soon ;)
yngfipng31,4,False,44,,
rossabandonSO,29,False,182,,NFT creator and crypto trader. Using blockchain technology to bring my visions to life and share them with the world.
nftjectreleases,7,False,63,,"WE LIST NFT GAMES
TO FACILITATE THE USER THE SEARCH FOR NEW PROJECTS .
LIST YOUR #nftgame OR ONE YOU KNOW COMPLETELY FREE, MORE INFORMATION ON OUR WEBSITE."
paul89472475,160,False,1145,"Montana, USA",There's nothing to see here.
_OGDEMON,1,False,3,,"Hi, This is OG Demon.
This is a top notch NFT Account.
Having much Delicious and Unique type of digitial artworks for digital marketing.
Follow/Connect With Us."
roueen_razmgir,16,False,284,Islamic Republic of Iran,
mechamederico,1,False,7,,
Mustafa51436921,1,False,42,,
ricknftpixel,16,False,36,New York EUA,link our collection https://t.co/MrUk6TPAHZ
ZRhods,79,False,339,,#ChefLife. #GetGnarly #slumerican
hackscrypto0001,1,False,8,india,"Crypto Enthuiasist
#NFT
#AirdropHunter"
bluesky_2009,6,False,47,,
earlablenft,27,False,178,,#NFT and #crypto enthusiast always on the lookout for the next big thing
b0nz11,252,False,25,"Florida Ridge, FL",Crypto never sleeps.
Fredurz,11,False,106,,
Elblasfemo__,1,False,538,,
AlaaRagabMoAli,234,False,2531, Ø£Ø³ÙˆØ§Ù†AswanğŸ‡ªğŸ‡¬ØŒ Ø§Ù„Ø¯Ù‚Ù…DuqmğŸ‡´ğŸ‡²,ğŸ‡ªğŸ‡¬ Ù…Ø­Ø§Ù…ØŒ Ù…Ø³ØªØ´Ø§Ø± Ù‚Ø§Ù†ÙˆÙ†ÙŠ.
xiaotangguo2021,52,False,262,,
nftart502,8,False,431,,
earth_verse,3,False,2,,Earthverse is the place where you can Discover the treasures of our rarest planet and own a piece of nature's wonderland with Earthverse's exquisite collection
siddusiddu131,6,False,31,,
TangMandyG,3,False,14,Florida,"Don't make yourself too tired, arrange your time reasonably, enjoy elegance and leisure"
PWZBIGBANG,25,False,145,,Big Bang & G dragon Stan - OT5 VIP Until Whenever ğŸ²ğŸŒğŸ”ğŸ‘¼ğŸ¼. IDGAF about Current Trends ğŸ’…ğŸ»
jkailo62,14,False,128,Brasil,love crypto
TravisCutl19712,6,False,30,,"Acta, non verba."
Milton255535932,2,False,5,,Telegram: Tapez9
wlfmn1968,74,False,748," la cantera mall, san antonio",I am a suit fitting cartoonist trying to make a living in a world full of suit wearing comic book readers
tiendat424201,6,False,83,,
FarrareLuz,2,False,57,,
PedroMEstoura,9,False,126,Portugal,| IoT | Telco | ComputaÃ§Ã£o em Nuvem | TransformaÃ§Ã£o Digital|
unfungiblelabs,664,False,26,,"Interact for WL? Notis on! We're an anonymous & hand-selected team of crypto veterans, artists, devs, and traders. Launching our first NFT collection early Q2."
clarence062897,0,False,1,,
Raghven73805386,31,False,205,,Great
dad_basude25232,0,False,10,,
SunlessDawnNFT,4,False,30,,"Mercenaries, hackers, and NFTs collide in this tactical cyberpunk game. Build your character and survive the neon-lit dystopia. #cyberpunk #NFT"
Overthereinbou,22,False,522,,"#AI2Earn @CryptoGPT_org
âš™ï¸ê´œì°®ì•„! ì˜ ë ê±°ì•¼~"
fatimakabir31,106,False,420,Iceland,"Freedom from reality. #cryptoart #nft #ethereum #NFTart verified artist and collector https://t.co/ZiLjAhoGQt

Send @tipzcoin (TIPZ) to @tipzcoin"
BazillioSan,2,False,8,,
SiderBilly31593,0,False,45,,
TlolNf26686,7,False,108,,Our best future with Web3 #nft #BTC
milastuffs8,139,False,185,Hell,"BB4, GD supremacy.
dramas.
Vegan"
IsaMustafin,27,False,40,,
the_relicer,15,False,83,Solana ,"Bullish on @DegenLegends 
(Web3 Gaming DAO.  Marketing for Web3 games)"
MoreSecured,61460,False,257,In A Place ğŸ—½,Enabling an Inclusive and Sustainable Digital World â€¢ TERM AND CONDITION âœï¸#PAY #BEFORE #SERVICE â˜¯ï¸ https://t.co/kjaODksKNz
Allison1996_,9,False,73,,"CloneX | MAYC | BAYC | Azuki | Doodles | Snipe | NFT Collector | HODL
All in jpeg"
JM45256527,45,False,230,,papastoned42 is my original account that Twitter is taking their time on getting back for me....
happypoopnft,2,False,8,,"happy poop nft is a collection of cute animated gifs to collect, make friends to make everyone's poop happy."
akaKJart,2,False,105,"Seattle, USA","Artist - Writer - Thinker
#art #originalart #paintings #artist #abstract

Abstract artist exploring the spectrum of order and chaos using science math & nature."
AndreaBell9601,633,False,706,,E-commerce Manager | Marketing Specialist | NFT collector.
Sanskarsharma00,2,False,88,,
CurtDevian,16,False,133,,love #Art #NFT #crypto
brenessenp37491,6,False,47,,
dany55646590,71,False,398,"Nangro Aceh Darussalam, Indone",Gemini
bithaon,16,False,86,hongkong,mining is love
FootprintsNft,8,False,111,,NFTs are fun Living on magic internet money
Cryptostackhead,1020,False,566,"New York, USA",1985 gamer ğŸ˜ ğŸ‘Œ  everything 8bit . NFT collector
v4mpyruz5,1,False,14,,
OmerRas02611074,26,False,327,,
NguynGin16,124,False,1494,,
lukasz_samul,3,False,33,,"Creator of NFT, illustration and computer graphics, writer, artist"
checkfortrades,26,False,142,,
OraineRoberts,10,False,27,,Pray the Lord my soul toâ€¦
M2Stefan,18,False,64,,
LugardoRicarda,10,False,57,,
TheNFTStudioNet,26,False,82,,
NatalieChr83325,2,False,56,,
haochuan599,0,False,10,,
n7PhDOUhx545074,7,False,31,"å¹¿ä¸œ, ä¸­åäººæ°‘å…±å’Œå›½",æš‚æ—¶å…ˆä¸ä»‹ç»äº†
polka2229,4192,False,3889,,ç¬¬ï¼—å›ã‚«ã‚¯ãƒ¨ãƒ ã‚³ãƒ³ã€ç‰¹åˆ¥è³ã€‘ã€ComicWalkeræ¼«ç”»è³ã€‘å—è³ã€‚ã€ã‚µãƒ ãƒ©ã‚¤è»¢ç§»ã€œãŠä¾ã•ã‚“ã¯ç•°ä¸–ç•Œã§ã‚‚ã‚ã‚“ã¾ã‚Šå¤‰ã‚ã‚‰ãªã„ï½ã€MFãƒ–ãƒƒã‚¯ã‚¹ï¼ˆKADOKAWAï¼‰ã‚ˆã‚Šç™ºå£²ä¸­ã€‚ã‚³ãƒŸã‚«ãƒ©ã‚¤ã‚ºä¼ç”»ã‚‚é€²è¡Œä¸­ã€‚å‰µä½œæ´»å‹•ã‚’å§‹ã‚ã¦ç´„ä¸€å¹´ã€å‡¦å¥³ä½œã§ã®ãƒ‡ãƒ“ãƒ¥ãƒ¼ã¨ãªã‚Šã¾ã™ã®ã§ã€åˆå¿ƒè€…ãªã‚Šã®è‹¦æ‚©ã‚’ç™ºä¿¡ã—ã¦ã„ãã¾ã™ã€‚â€»ç­†åã€Œã‚ˆã¤ã¤ã˜ ã„ãã‚‰ã€
anime_in_90s,1,False,7,Thailand,"Hello everyone! You can called me ğŸ˜Šâ€¢nineâ€¢ğŸ˜Š
I'm 90's NFT artist~ ğŸ¨"
IMX1T7ORMSILzCr,25,False,479,ëŒ€í•œë¯¼êµ­ ì„œìš¸,"Hi DENOS
SouthKorea No1. Blockchain B2B Alliance
DENOS Organizer, 
@Binance Official Influencer 
@NFT adventure
@magoauction.com
@snu.official"
k72tc01,36,False,142,,
thesacredeyes,0,False,17,,ğ•¾ğ–ğ–ˆ ğ•»ğ–†ğ–—ğ–›ğ–ğ–˜ ğ•¸ğ–†ğ–Œğ–“ğ–† | â–²â—â–  : https://t.co/AwZjJJoXg1 | Opensea : https://t.co/iDzljkcbXr
LGrensky56818,14,False,45,,
OxDoctorabili,3,False,176,,NFT enthusiast and crypto enthusiast. Collecting and creating unique digital art for years. #NFT #cryptocurrency
MiserableMTN,4,False,21,Earth,I make art NFTs. I can also create art on commission if requested. Please feel free to contact me about any requests! (All art on here is my own)
BasedPandas,1,False,11,Arbitrum,"A collective of 3333 like-minded pandas munching their way around the Arbitrum Network.

Coming Soon!"
NutClioc,0,False,22,,
KWA762126246987,11,False,151,,
nahidx244,8,False,92,,
cryptoths,20,False,321,,
semimarrow,241,False,651,Ğ¢ĞĞ–Ğ¤Ğ,æ†‘ä¾å‹ã§ã™ã€‚
CissaRibeiroo,16391,False,256,"Inglaterra, Reino Unido","#Fantom | #Btc | #Ftm | $Mpx | #Skull ğŸ”¥ğŸš€
telegram: https://t.co/9WBnPoGEpz"
zzzz66364582,4,False,11,"South Gate, CA",
Web3Course,6,False,29,,"ğŸŸªğŸŸ¨ #ğ–ğğ›3 ğ‚ğ¨ğ®ğ«ğ¬ğğ¬ ğŸŸ¨ğŸŸª

ğ˜šğ˜ªğ˜¨ğ˜¯ ğ˜¶ğ˜± ğ˜§ğ˜°ğ˜³ ğ˜µğ˜©ğ˜¦ ğ™’ğ™šğ™—3 ğ™ˆğ™–ğ™§ğ™ ğ™šğ™©ğ™ğ™£ğ™œ ğ˜¾ğ™¤ğ™ªğ™§ğ™¨ğ™š:
https://t.co/mtWYBTOs1h"
matuo0157,0,False,3,,
Vlodek777,29,False,126,Ğ£ĞºÑ€Ğ°Ğ¸Ğ½Ğ°,)
marnuevostore,0,False,12,,
Jas_moone,41,False,288,,
ChUmar60086022,1,False,98,,
GabrielHartnet7,7,False,63,,Investor
kantar_277,10,False,176,Gaziantep,KaLemin KÄ±rÄ±LdÄ± Ã‡Ä±kma YoLuma.ğŸ‘ˆ
nsakonft,124,False,514,,"Sack & Zack  Rare Nft Collections ğŸ˜‰ğŸ˜‰.

Check the wacky Dudes Collection | Father And Son Project  | Join the  community"
rakeshdhanuka56,3,False,21,"Ellenabad, India",
StillComing25,337,False,339,,"Father of 3 kids, Happy to be on this space."
DSimmonsStudio,3,False,18,"Los Angeles, CA","Experimental architecture + design. NFTs support studio projects, old school.
https://t.co/ZXufESUYhf"
StandUpGSXR1,230,False,286,"Iowa, USA","Dad of 3, Addicted to Crypto and Street Cars,
Crypto trader, NFT collector,
 NFT Founder/Developer,
 Ape Holder"
0sSalary80353,1,False,4,xianggang,kongbai
Sanghun00271285,3,False,102,,
BLamusitele,6,False,183,,Powered by @Treasure_Dao.           $MAGICğŸª„Maxi. $ARBğŸ³ @LostDonkey
KontractKoder,10,False,306,Texas,"Solidity Coder/Blockchain Developer
Novice Level
Familiar with: JavaScript, HTML, CSS, Visual Basic, React, Hardhat"
FaltusKory59186,0,False,50,,
LundieMeli69553,5,False,49,,
khalkho_rohit,40,False,23,Decentralised,founder of Tropicnode
sosimin0118,57,False,178,,@_NFTtown_ ì•ì—ì„œ ì•Œë¦¬ëŠ” ë…€ì„
allin_001,50,False,319,Portugal,Bem-vindo ao â€œAllinOne Blogâ€ â€“ o seu guia para encontrar os melhores produtos que atendam Ã s suas necessidades.
j2__luv,161,False,277,æ—¥æœ¬,æ¨ã—ã¸ã®æ„›ã ã‘ã¯è­²ã‚‰ãªã„YGãƒ²ã‚¿ã‚¯â€¼ï¸ğŸ˜®â€ğŸ’¨ æ¨ã—ã¯ç”Ÿãã‚‹æºã€‚ï¸ï¸                                G-DRAGON JENNIE ASA
AvotasBo,2,False,37,,A slap in the face keeps the stupid away.
yogcrypto,93,False,161,United States,
hamoonnl,1056,False,1021,The Netherlands,Creative producer and web developer specialising in graphic design and web3.0 technologies. | Co founder Bliss3d|
trinidadrosadoR,9,False,70,,"BAYC #3916. Doodles #5882. Alpha Caller
ğŸ”. ğŸ³. ğŸŒ"
nnmrnrie,265,False,330,,"I'm not feeling well, SLOW.    I love BIGBANG and support them ğŸ¥º The fight between fans is just sad and disappointing. No Fan WarsğŸ˜” Pray for peaceğŸ•Šğ“‚ƒ ğ“ˆ’ğ“¸â‹†ê™³"
EttieFarma73600,4,False,52,,
MarkVadik,42063,False,44114,Chicago,Storyteller /Attorney -A #horror guy w/a heart of gold. #AnimalAdvocate #Moviemaker #HorrorMovies #Cosplay & #web3 #ComicBooks #Film3 #MMA @Entertainmintco Exec
crisellexxi,67,False,243,,human being ğŸ˜‚ğŸ˜‚ğŸ˜‚
minghuichen213,3,False,6,,
benphil168,16,False,380,,Newbie in everything. Always humble to learn.
DimeTamara,863,False,2629,Nigeria,"GOD First ğŸ¥‡

$UZ @Yieldz_protocol
Alpha ğŸ§ª"
lilteakay,322,False,3372,,Iâ€™m TeaKay mother of two beautiful baby girls loving wife of @Makk5Tre Iâ€™m about as real as it get I have a big heart but donâ€™t take no ğŸ’©â€¼ï¸
craftbeer59,1,False,10,æ—¥æœ¬,"è¶£å‘³ã§ã‚¯ãƒ©ãƒ•ãƒˆãƒ“ãƒ¼ãƒ«ã‚’è‰¯ãé£²ã‚“ã§ã„ã¾ã™ã€‚
è¶£å‘³ãŒåˆã†æ–¹æ˜¯éä»²è‰¯ãã—ã¦ãã ã•ã„ğŸ»"
karansinghEth,570,False,123,The Card Game,#Nft collector ğŸ–¼ // Playing crypto games ğŸ® | | #Web3 and #metavterse is the future for all of us ğŸš€
cautronsoftware,680,False,41,Ä°stanbul,"Seek Higher Things!
Cautron supports innovation and knowledge, and undertakes development and innovation as a vision.
Also Explore @cautronverse"
Radish45051883,11,False,91,,
cyberberdoc,54,False,321,South Africa,"Lawyer and Polymath , many interests and aspiring for all that is good."
sweswesuuwee,13744,False,1971,DM for collab,é™ç•ŒæŠ•è³‡å®¶ã‚²ãƒ¼ãƒãƒ¼ãƒ–ãƒ­ã‚¬ãƒ¼/ä»®æƒ³é€šè²¨3å¹´/ãƒ–ãƒ­ã‚°7å¹´/17æ­³JKï¼ˆå½“ç¤¾æ¯”ï¼‰/çŒ«å¥½ã/NFT&GamiFi lovers/JAPAN DAO #å¤©ç…§/#InakaTabi MOD/#ICL/ #Nannda #ReadON ambassador/#ROARS Wolf Pack a/ #BeWorthy
ksc_nft,2,False,33,"Nova Iorque, USA","Designer NFT
NFT seller at @Opensea"
chie_jojix,4667,False,353,,Both holder of @Azuki & @RTFKT | NFT Enthusiast | Web3 deep researcher #NFT I'm 22 years of age â™€â™€
gdbbb,18,False,112,ì¼ë³¸,â™¡ê¶Œì§€ìš©íŒ¬@2006â™¡
Magical_Paradox,364,False,564,,"ë´„ğŸŒ¼ì—¬ë¦„ğŸŒ¹ê°€ì„ğŸ’ê²¨ìš¸â„ï¸ / ë·¥-YGì¡ë•. Fan account for BIGBANG, 2ne1, WINNER, iKON, ROSE,LISA, TREASURE, YEDAM and some of Silver Boys+ Ahyeon/Ruka"
dlabaj1791,2,False,45,,
morimosi76,6,False,148,Ğ Ğ¾ÑÑĞ¸Ñ,the most beautiful thing in this world is only you
0xasherAPT,6,False,176,,Trading crypto and collecting unique NFTs. Sharing my experiences and insights. #crypto #NFTs #trading
chappie813,5,False,30,,
t_a_m_a_ch,9849,False,9864,DMã¯ãŠä»•äº‹ã®ä¾é ¼ã®ã¿ã§ãŠé¡˜ã„ã—ã¾ã™ğŸ’,"è»Šé›‘èªŒã®è¡¨ç´™ãªã©å¤šæ•°æ²è¼‰æ­´ã‚ã‚ŠğŸ’

è»Šã€ãƒ©ãƒ³ãƒ‹ãƒ³ã‚°ã€DIYã€ã‚½ã‚·ãƒ£ã‚²ã€ã‚¢ãƒ‹ãƒ¡ã€é­šã€çˆ¬è™«é¡ãªã©å¹…åºƒãæ´»å‹•ä¸­ğŸ’

ãƒ•ã‚©ãƒ­ãƒã¯æ€ªã—ã„ã‚¢ã‚«ã‚¦ãƒ³ãƒˆã§ãªã‘ã‚Œã°ğŸ’¯ã§ã™ğŸ’"
neonomadsnft,5,False,40,,"Strangers must adapt, as they face the new, harsh world alone.
999 Nomads are ready to do anything to survive.

STEALH LAUNCH"
idemariko,105,False,156,Kanagawa,get ready for 202507 apocalypse!!! ã‚‚ã¯ã‚„å‹•ç‰©ã‚¢ã‚«ã‚¦ãƒ³ãƒˆã§ã¯ãªããªã£ã¦ã„ã‚‹ é›‘å¤šã®æ¥µã¿ã§ã™ã¿ã¾ã›ã‚“ğŸ’¦ 6å„„äººãŒå›£çµã—ã¦ç«‹ã¡å‘ã‹ã‚ãªã„ã¨å€’ã›ãªã„æ•µãŒã„ã‚‹ æ‚ªäººã§ã¯ãªã„ãŒæ±ºã—ã¦è‰¯ã„äººã§ã‚‚ãªã„
danielahg_art,31,False,294,"PeÃ±ol, Colombia",Ando en busca de lo que ellos me dijeron que se llamaba el -yo.
andrii_siasoft,3,False,28,"San Diego, United States",UX/UI Designer | 3D Artist
EstefanyJaen20,1,False,8,,
brobenss,35,False,130,,Nft and Graffiti Artist. @thepenguinsqua1 Artist
tboytosh,19,False,222,,AIã‚„ã‚¯ãƒªãƒ—ãƒˆé–¢é€£(NFT/DeFiãªã©)ã«èˆˆå‘³ãŒã‚ã‚Šã¾ã™ï¼
shmilenft,0,False,2,nftverse,"nft drop with no utility, roadmap, nothing. just for activating degens, mfers"
daniildzina,6,False,70,,
Sarner1797298,5,False,63,,
Sportscantweets,653,False,3717,"MontrÃ©al QuÃ©bec, Canada","Fan of Sports, debates, Scotch, walks that are talks that you want to last forever #Flames #Habs #BLUEJAYS"
Ej82m,642,False,934,,Engineer | NFT Collector | Robot Army
CryptoAmuletNFT,11,False,76,,"NFT collection ""Magical Buddha - Money Maker""  is a magical digital attribute,  that attracts money  to its owner. https://t.co/P0vkorIfmzâ€¦"
Kauy_dy,1015,False,509,"Ontario, Canada",Crypto enthusiast.
RonaSophia3,64,False,6,,
Charlieu7000,1,False,2,,
jasonsteighner3,39,False,183,Moon ,ğŸ’ ğŸ™Œ                                                 https://t.co/Cj0uzTculC
Clay27021982,0,False,41,,IN(S)TP
Geruza8699,7,False,79,,Investor | NFT Promotion | Azuki #3516 | Goblin #6126 | Doodles #4533
auduvin84,517,False,3610,auchi,came too far to turn back now
MiniBeastsNFTs,4,False,62,,
_SentientAI,13,False,172,"Los Angeles, CA",antisocial extravert | NBA | NFL | UFC | Sports Betting | Crypto | Politics | HipHop | Memes | Frosty With The Drip ğŸ¥¶ | #LakersIn5 ğŸ€
Gaildeyb17,30,False,243,,"20 years old who likes playing online games

@OverworldPlay   @pettokado @VYDERgg"
M_Lither_M,9,False,82,,
okopanmol,2,False,11,,
chapptastic,305,False,2750,,"ğŸ’¥Crypto Enthusiast ğŸ”± Promoter, NFT Collector & Moon Missionary ğŸš€ğŸ¯ğŸŒ•"
AliCanGunduzDev,1460,False,1148,,Web Developer â€¢ Open Source Enthusiast â€¢ https://t.co/LGTTGzqoja
That1_dud3,5,False,173,,
silvertwos,20,False,107,,
Aleksanad22,3,False,27,Paris,NFT its my life
thelaketrout,1,False,25,,
QryptoKurdo,5,False,66,,
stanislavademuc,19,False,85,,"CloneX | Doodles | Moonbirds | Metaverse | Gem Seeker
To the Moon | ğŸ³"
Akui_chinese,1,False,21,Hong Kong,Win A Fewï¼ŒLose A Fewï¼ŒThat's Lifeï¼
joel_tiblanc,29,False,376,,
KitoTrades,781,False,531,realestate.swoosh,JPEG enjoyor. Real Estate Maxi. Privacy advocate. $XMR ğŸ—¿
twoc_nfts,44,False,40,Sharing The Vision ğŸ‘¾,"Art.
Fun.
Sticker.
Free mint."
naedg2,177,False,232,Austria,NFT enjoyer | @KzcHArt ğŸ”¥@0xDegenApeğŸ”¥ holder | Looking for capable ğŸ¨artist who can help me with a project I'm working onâ¬†ï¸.
qutaib_ahmad,101,False,729,pakistan,Hi! I am a Graphics designer of Photoshop and illustrator.
TytuP44,6708,False,7,,Chapter xxxvii chapter x xi chapter x.
DapiAdam,0,False,117,,Ask
mohammad585585,15,False,42,"Iran,isfahan",
MartonffyAdam,7,False,49,"Esztergom, MagyarorszÃ¡g",
HmMmm372605,3,False,61,,
Maurici38513207,2,False,10,,
eylulktbayram,3,False,63,"Ä°stanbul, TÃ¼rkiye","ğŸ¦Fahri PolitikğŸ¦
ğŸ’EvliğŸ’
ğŸ’­Kendini deÄŸistirmek sana yeter dÃ¼nyayÄ± deÄŸiÅŸtirmek herkeze.ğŸ’œ
Yap bir politika..."
PULIMOER,521,False,846,,
stampme940,9,False,47,,"ğ”„ğ”¯ğ”± ğ”¦ğ”° ğ”«ğ”¬ğ”± ğ”´ğ”¥ğ”ğ”± ğ”¶ğ”¬ğ”² ğ”°ğ”¢ğ”¢, ğ”Ÿğ”²ğ”± ğ”´ğ”¥ğ”ğ”± ğ”¶ğ”¬ğ”² ğ”ªğ”ğ”¨ğ”¢ ğ”¬ğ”±ğ”¥ğ”¢ğ”¯ğ”° ğ”°ğ”¢ğ”¢."
ldicryptot51275,10,False,15,,"An entrepreneur, business man, crypto and nft supplier"
Marios18385628,8,False,63,,
Sarah25018,2113,False,3407,,
e6vSAVm0yglGuis,31,False,77,Hongkong,"My name is Peng. You can just call me by my English name, Peng."
jssches,22,False,118,,
IBDawn_Marie,236,False,245,,
nacho_brusco,45,False,390,"Vicente LÃ³pez, Argentina",at @Microsoft // Hincha del Rojo y de Lionel Andres
JaceCrypto,679,False,292,"London, England",ğŸ’Chairman @CryptoClubGBL ğŸ’Founder & CEO @VenraiHQ ğŸ’Believer in #Bitcoin
raiga1117,466,False,662,ä½è³€å¸‚ç¦å²¡å¸‚,ã‚¯ãƒªãƒ—ãƒˆã€‚ãƒˆãƒ¬ãƒ¼ãƒ‹ãƒ³ã‚° ã€‚å‹ã¦ã°å®˜è»ã€‚é›°å›²æ°—ã§ã—ã‹æŠ•è³‡ã‚„ã£ã¦ãªã„ãŸã ã®ç‹¬ã‚Šè¨€ã€‚
EkholmRefu16420,2,False,50,,
Brii10779275888,34,False,83,,
Negryboulogne,1,False,5,,
Roland1969_,16,False,83,,"Goblin #1530 | Web 3.0 Hustler | Snipe | DeFI Farmer
All in blockchain | 
#Metaverse | #LEOS"
Slyvianchu62669,4,False,8,,
MailimHayp91701,16,False,44,,
milad6078438761,2,False,20,,
xScarletRubyx,299,False,458,Malaysia,ğŸ’›BIGBANG VIP ot5ğŸ’› ğŸ’•Dylan Wang ğŸ’• ğŸŒ·Kdrama & Cdrama ğŸŒ·
_lovelyWicked,82,False,45,wic,Stay calm? I will calmly go crazy!
yahyael55028007,41,False,162,,
Obiwankenoby_,4,False,9,NFT LAND,#NFTCreator â€”- #DigitalArtist â€”- #NFTCommunity
Delavinci7,184,False,309,"Stockholm, Sweden",Just a small town girl from ğŸ‡¸ğŸ‡ª.
litagole,2,False,10,,"I make music and other art, generally speaking â­ï¸ 1/1"
kubofena,6,False,14,,Iâ€™ve been banned on every platform but thisâ€¦ so Iâ€™m here to spit facts. I have 3 dogs. I smoke weed & I collect cars. HarvardBiz â€¢ Family founded Unilever
ConnieDunp57526,2,False,48,,
lokuheq,4,False,10,,"Sometimes You Win, Sometimes You Learn."
fenbymiskin,279,False,393,Jersey,Photographic artist
onipam3,26,False,352,,
nikhithakini199,32,False,87,,"MAYC || BAKC || CloneX || DeFI Farmer || NFT Lover || rekt
#DAO"
ShigeQ999,99,False,608,åœ°çƒ,ğŸ¤ŸğŸ¾
Higegorira6,2,False,28,,é…”ã£æ‰•ã„ã‚ªãƒ¤ã‚¸ã®ç‹¬ã‚Šè¨€(^^)
AgaintzTheGrain,1,False,132,The Tesseract,"Against The Grain - Living in a divergent, varied approach from the usual or expected; to act or think in a manner that is contrary to most conviction."
wenders06642815,2411,False,4371,"JoÃ£o Monlevade,MG, Brasil.",Lula 2023/2026
jung9203091,3,False,50,,
Igbins6,51,False,265,,
MUbaidRaza9,1,False,17,,
fersatuzun,115,False,349,,
AIPADSPORT,42,False,187,,"$100 gift for everyone
Don't forget to follow us

#Polygan #BNB|#USDC|#iPod|#BUSD|#USDT|#AirDrop|#Digital #Currency|#aipad|#AIPAD|#Bitcoin"
Mddumts,6,False,499,Alameda Galaxy,Spicy meme donor
Ylaneyla,4248,False,208,Web 3.0,"Researcher, NFT-collector, Community Builder
#Azuki & #Beanz holder

#WomenInNFT #NFT #ETH"
atomicneb,604,False,1125,,you know the one about the scorpion and the frog?
amirfo511,21,False,47,all the world,"#Frequency
#NFTCreator
#ART
A simple person with a special mentality"
BrianstormEth,248,False,268,New Tokyo,
Utika_nft,1732,False,2024,,TONIGHT!
SettingBoundar,51,False,712,,
Madu_Kachi,11,False,150,Nigeria,"Architecture, Love and Passion"
Gideon3Ekene,6,False,92,,
Spark_Zyno,111,False,76,Metaverse,Community Manager || Crypto Enthusiast Holds $BTC $ETH || Build Communities || @straykatztoken head of marketing
prospectacadem5,2,False,52,"Roma, Lazio","Hi, I'm Alessandro, I'm from Rome, I work in the world of Digital Marketing, in my spare time I create NFTs with artificial intelligence"
junaid949496612,9,False,284,,
dav_abr,131,False,44,,"I'm David, also a Nigerian|
You can call me an Artist"
klebersonCB,3,False,25,"Ibaiti, Brasil","Hello, I am a digital artist. Through my digital art, I recreate and create designs inspired by historical shields and symbols of medievalğŸ¦…"
LyneGrenier2,4,False,18,,
vedatcillessen_,11,False,64,,"Goblin || MAYC || CloneX || Crypto & NFT Expert || Metaverse Resident || Ex Google
#NFTCommunity"
krikoairdrop,107,False,1554,,liptonlens-4228@crossbell
drippyunlimited,4782,False,2455,Check out my music here â¡ï¸,Can you turn that down? it sounds like a buncha pots n pans! Renga 10ktf GG. keeper of the infamous Otherside Cryptoad (see if you can spot him in my banner ğŸ¸)
MillicentG3074,8,False,48,,
vLGgZbMCMmJgrJM,11,False,27,,
ChrisHo36546418,28,False,144,,
CHARLIETH27,68,False,290,,
bryanpradoo,29,False,1141,,
ChinaQQWW,15,False,53,,
CryptoGomie,970,False,1208,,Real Estate Agent in Illinois ğŸ“ ğŸ 
vividshakyamuni,1155,False,17,healing world,â™¥ healingART because healing is easy â™¥
JB_Manksy,745,False,4702,"Metaverse, UK","NFT enthusiast | @RENGA_inc, @Memeland, @PGodjira, @LlamaVerse_"
fefetalavera,10,False,38,,
Birolg061,197,False,4911,,#BTC #Eth #Pacemaker #ZkApes #ether
nft_queenie_,130,False,48,â™¥,"Those who supported me when I was falling, now hold on, we're taking off!
â™¥"
Mohamed______Mb,0,False,50,,
BTCMMatthew,15,False,34,,"web3 enthusiast | part of web3 community
artist | community grower"
normalist25,12,False,267,"Denizli, TÃ¼rkiye",tasarÄ±mcÄ± ğŸ‘©â€ğŸ¨ HemÅŸir ğŸ’‰ Sosyal hizmet uzmanÄ± ğŸ‘¨â€ğŸ’¼ AktivistğŸ‘¨â€ğŸ’»ğŸ‘‰https://t.co/voXkD3oOor
BrightonableN,26,False,286,,Trading on the frontiers of #cryptocurrency and #NFTs. #blockchain #digitalassets
PierroOcean,2,False,6,,
ark1972ak,22,False,128,,
emmarstudio,275,False,387,"Bristol, United Kingdom","cat lover, coffee queen."
MasterLb90347,3,False,8,,
0xtruemannft,95,False,403,,Cant wait!
AlvinYmodullus,762,False,4381,,Love everyone
Fox67519589,0,False,3,,
YmghanyHyd64653,31,False,143,,
Giancarlo4123,17,False,74,,"Miner || Ex AWS || Goblin || Azuki
No fomo, No hype || ğŸ” || â›©
#NFTCommunity || #beginners"
StanlyHern2246,1,False,55,,
boo_labs,5,False,78,Ghost Town,"We don't want to scare you, we're just looking for friends ğŸ‘»"
nyutesa,9,False,16,,SVP Assurely ğŸ‘©â€â¤ï¸â€ğŸ‘¨ mollyAleonard ğŸ‘¶ğŸ¶ğŸ¶ #bitcoin dao_earth ğŸ¦ LazyLn ğŸ‘‘ ğŸ§¨ TOONğŸ’¥ ğŸ¬ BubblegumKidğŸ­ ğŸ»OBYC
soshethought,84,False,347,"San Francisco, CA",Coaching/Transformation/Healing/Dance
kawagungabunga,12,False,71,,
DienesKara16007,5,False,51,,
broikalp,6,False,13,,I play with PENcils ğŸ–‹ âœâ–ªï¸ Football artâ–ªï¸Chelsea FC fan â–ªï¸ Scribble art â–ªï¸ #NFT artist on OS and FND â–ªï¸SR ğŸ”œ
qevyten,4,False,11,,Artist. Since 1977. // Subscribe belowğŸ‘‡ğŸ½ to be the first to access my new work! // https://t.co/qgu6sPxSjU
pokirut,5,False,13,,Have you heard about these new things called NFT's!!!! -Butters (South Park 2021)
muwaanmat,1,False,2,,
thebravobabe_,7545,False,1645,Bravo HQ,"Watching Bravo and smoking buds, babe. ğŸ’ŸğŸŒŸ"
Crypto_Buddy009,43,False,290,,
socialexandru,1,False,71,"Aluche, Madrid",Me myself and I
nesikene,13,False,13,,DC ~ Stonebreaker#9721 | CM CoziesOfficial | #StayCozy | Use WEB3 Antivirus App | W3A
ecmolato,5,False,115,Vancouver. BC.,Creator. Web Dev. Marketer. Building online businesses as I document and share.
NTCFINANSAL,2,False,66,Istanbul,
rachelys_3794,12,False,56,"Ann Arbor, MI",Economics and Analytics | Market | Crypto | NFT | Fixed Income Investments| ESG | VC | US & Chinese Economies
vonalbiszimmer,8,False,74,,
KaiTakasshi,1809,False,108,Ä°stanbul,PA Trader ã€„ sometimes NFT
MishellMiyoko,8,False,14,Ğ£ĞºÑ€Ğ°Ğ¸Ğ½Ğ°,Digital Artist | 17
AstraKarb,12,False,25,,Blockchain Intusiast / I love crypto
guidnz420,17,False,142,,SÃ³ um chef de cozinha descobrindo o universo
Toshir0_nft,7,False,24,,
TheWorldPrinter,19,False,205,,"We are building a decentralized 3D Printing network. Our platform provides anyone with access to local 3D printers 
(website is a demo, official launch to come)"
GTVWEN7,45,False,103,,"NFSCï¼Œæ— æˆ‘ åˆ©ä»–ï¼è¢«å°å·ä¹ŸæŒ¡ä¸ä½æˆ‘ä»¬å‰è¿›çš„æ­¥ä¼ï¼ŒCCPä½ å®Œè›‹äº†ğŸ‘Š 
  â€œTake down the CCPï¼â€"
salarteeluz,4,False,53,Brazil,
Mak_Ai0,39,False,199,,Shadow Wizard Money Gang
pixitree,4,False,15,,
xiaoxio23296212,1,False,6,,
AmyHung10558564,9,False,55,,
NftCryptogig,3,False,45,"Miami, FL","Travel all arround the world | Crypto and NFT Investor ğŸ‘‘ | Crypto hunterğŸ’ | Not financial advisor | Experience and solid management
#BSC #BTC #BNB #ETH"
JustinEdinEth,9,False,35,,NFT lover â¤ï¸
Adeyemi2023,17,False,188,,
Aliazizi1650810,37,False,203,,
xd16692012,0,False,223,,
TrendAnali22018,12,False,71,,
QhuinnMC,13,False,94,,
chux5,101,False,1064,"Lagos, Nigeria",I AM WHAT GOD SAYS I AM...ğŸ’¯
BrittaMcke60849,14,False,51,,
MOHAMED_ELR01,3,False,20,,
dian_egbuaba,20,False,140,,
RaiDeusNFT,1172,False,3202,Web 3,NFT Enthusiast/Discord Server Moderator | @TroubleMkrsNFTğŸ’ | @MomentumNFT_â“‚ï¸ | @Mount_NFT_ğŸ—» | @JungleNetwork_ğŸ”¸| @FrensRGğŸ¤ |
Taha32500629924,13,False,38,,
nickolas2023s,28,False,117,,
yogipatriyono,75,False,13,,
walyson_w,2,False,71,,
wildmintnews,3,False,45,,"Latest news, scoops & trends for AI and Web3. Sign up for weekly newsletter ğŸ“¨"
Ismail997342381,1,False,23,,
cGuutty,54,False,246,Paine,
SvetozarNikolae,2,False,17,,ğŸ‘½0010110ğŸ’¤
PoserRichie,4,False,16,Amsterdam,Founder of @theposerparty
Alex9079443097,5,False,34,,
adehounte,11,False,127,,
MeaganStav84500,0,False,43,,
huythanh112,3,False,61,,
fixxcrypto,260,False,3126,,
tony_csa,754,False,1621,Cosmos,"In this world, there are no sides, only players."
BBAPEGE,105,False,808,"Texas, USA",professional cryptocurrency trader
MatrixComputin1,524,False,1511,,"IT solutions software, cloud, networking"
faszeth_,25,False,51,,#Bitcoin
AlijahReed10,25,False,215,,
brahimzadi26,0,False,28,,
TimGood34528344,3,False,33,,
DipakBai8,293,False,534,,
Melis93123897,20,False,67,,
dandi232323,3,False,74,,
febb1212,2,False,8,"Florence, Italy",:)
Oalrubaye1,8,False,173,,Designer
ucancallmepoxy,0,False,1,,/artist/NFT maker
CengizZ30746613,2,False,142,,HÃ¼rriyet
ahmadmalik4432,28,False,125,,
KatherineAshra4,4,False,19,,
sultrykin,30,False,364,,
likutre,5,False,13,,"Crypto and NFT Alpha. Experienced IT web3 Project Manager, CM, mod and sniping addict. A Game of Dragons discord - ://discord.gg/agod Website - ://agod."
dugiber,4,False,10,,Mining #bitcoin
Tanwir_Alhasan,6,False,66,,
ClariceCro40575,8,False,48,,
xytikol,3,False,10,,Embassy of Godjira. We lift weights and Eth.
Allwally2,105,False,2108,Norway,
debopuk,2,False,10,,"Cannabis Delivery Manager ğŸŒ²ğŸ’¨/ Moderator: Taiyopilots, TheSolDenNFTS, EyekonNFT, Bitwhips
Spreading Knowledge & Love 2 All Degens ğŸ’šğŸ˜ˆ"
artistadoin,159,False,132,joinville sc,"Comendador da Sociedade Brasileira de Artes Cultura e Ensino (SBACE), CidadÃ£o HonorÃ¡rio de Joinville. Artista PlÃ¡stico"
kamal67899,1,False,26,,
kubegim,25,False,10,,Research and educatn about everything around creator economy. Currently focusing on Music NFT's
AkashR59437044,0,False,5,,
darywsh_syd,35,False,687,,
TimothyPimenta2,2,False,50,,
santoyo_melanie,1,False,4,,
Tiffanyy0077,7,False,104,Toronto,"Web3 developer

#ethereum #solana #etherjs #crypto"
mahfuz251,30,False,477,,"Builders of Dai, a digital currency that can be used by anyone, anywhere, anytime.
Do not send money to accounts impersonating Maker."
10K_quirky,2,False,4,https://t.me/ten_k_quirky,How to be prepared to face something that hasn't been before and never will be after?
ehab_kaleel,125,False,154,,
RenatoTark35383,14,False,54,,
ARTISTEBODO,0,False,6,,
mohdrazalikhal1,85,False,505,,"#byebyebirdie
Left to Phaver"
voynich161,0,False,15,Ğ£ĞºÑ€Ğ°Ğ¸Ğ½Ğ°,
GeorgeHoushold2,14,False,51,,
ameenuhamxa238,7,False,60,,
skullcr02056213,5,False,25,,"Welcome to the world of Skullcrasher, where NFTs and gaming collide! As a passionate gamer and blockchain enthusiast, Skullcrasher creates and sells unique NFTs"
dita_haerani91,25,False,33,Bekasi,
decryptous,1,False,150,,
DiyarArshad,467,False,999,"Kurdistan, Erbil",TIU/Architect
NFT_Fantasia,80,False,13,,Fantasia is a limited collection of 300 NFTs. Enter in a world full of fantasy.
pawfectclub,1285,False,29,,Pawfect for memes from Ethereum Blockchain. Paw Paw to the moon ğŸš€ğŸ¾
bezgin_nur9468,8,False,25,,
Bhutoria_Ritesh,14,False,114,,An Aircraft Mechanic Engineer with an inclination towards art specially pencil drawing.
Archana954,862,False,1760,"Dhaka, Bangladesh","I Am A Professional Digital Marketer.
I Will Provide #digitalmarketing Services.
I Can Do #facebook & #googleads
#socialmediamarketing And #seo Expert.
#Owner"
Maker_NFteth,15,False,52,,"To have a unique NFT, DM 

ğŸ‘‡BUYYY"
YoulandaSchieb3,1,False,45,,
Tobillionz08,239,False,990,"Ibadan, Nigeria","#endsars

Chelsea i Stan
Vocalist ğŸ¤
Cartoonist ğŸ‘¨
#Tasuedite"
Crytaner55,1306,False,209,"Antalya, TÃ¼rkiye",Erzurum
rendiisprendoel,0,False,3,,
Rad76567083,2,False,17,,
epictotus,46,False,149,,noob
rxt01,2,False,47,,"crypto, economic, politic and programming enthusiast"
VickySh48269998,88,False,1731,"Patna, India",hii
OrJeanelle12398,9,False,42,,
hisho97,16,False,71,elkhanka elQaliobia ,HR administrator âœŒğŸ»ğŸ‘»                snapchat: hshoo62                        facebook: m.hisho
howandwhythis,26,False,295,Yankees fan,choose democracy ğŸ‡ºğŸ‡¸ğŸ—½ğŸ‡ºğŸ‡¦
Jamming0Art,0,False,2,,
kjetilkvello_19,5,False,74,,"Azuki #3539 / BAKC #3990 / Goblin #1838 / UI Designer / DeFI Farmer / Metaverse Resident
YOLO / â›©ï¸ / ğŸ¦„ / â›©ï¸"
Harosx1,22,False,123,"Caracas, Venezuela",ğŸŒNoticiasğŸŒ
Alidadras_,24,False,94,,"A NFT seller in @opensea
trying to capture the moment in the best way possible"
Shahxd_Afridi,866,False,2116,"Ù¾Ø´Ø§ÙˆØ±, Ù¾Ø§Ú©Ø³ØªØ§Ù†","programmerğŸ˜
4/8"
RyuNFT,6163,False,335,Kitayama,"3,333 Gen1 Ryu NFTs meet DeFi ğŸ‰ Accrue daily $nRYU and delve into our ecosystem | https://t.co/ieHW1Hi3iO"
MyInfoMike15,1,False,100,,
Benjoesangalang,156,False,1305,,Safety for everyone
ItstoxicY,16,False,156,,It is what it is
TrillyApesClub,8,False,29,,#NFT #DigitalArt Buy Some Art Below
JulianHalliday_,4,False,46,Halliday.xyz,
KeysPsalm,123,False,2011,,https://t.co/vmGncf9D5E
gychristobal,11,False,62,"Balaton, MagyarorszÃ¡g","LÃ¡zadjatok mindaddig, mÃ­g a bÃ¡rÃ¡nyok oroszlÃ¡nokkÃ¡ nem vÃ¡lnak!"
kaivankamangar2,0,False,27,Ø³Ù†Ù†Ø¯Ø¬,Ø§Ø±Ø§Ø¯Ù‡
Bnyamin59278441,0,False,10,,
Eye0Strangers,1,False,3,"Jeddah, Kingdom of Saudi Arabia",This unique NFT features a strange and creepy creature with an eye that is not immediately recognizable as human.
lamsalbibek23,14,False,103,"Sydney, New South Wales","Motivation will get you started but without discipline,you will never finish."
KUBO_fndr,17,False,110,,Founder of KUBO - Web3 Content Discovery Playground
mechanificial,2,False,2,Pandora,
Setit0ff_eth,17,False,90,Space,"Average $ETH degen
pixel art & web3 enthusiast ğŸ‘¨â€ğŸ’»
Space Pearl Manager/Promoter ğŸ”®ğŸŒŒ"
sanamrajput00,16,False,34,,
ScottyBuis69640,6,False,60,,
LinkTusAsia,7,False,18,India,
JuiFan_Y,0,False,48,,
sugarcamsxxx,1075,False,909,USA,"You choose how you want to earn, whether it be for live streaming, private shows, selling videos, photos, or fan-clubs. Un-Block Fee $2,500"
oat_vanilla,37,False,142,"Ohio, USA","Welcome!! I am The Oat! Iâ€™m a gamer, and an investor. Best words of advice? Buy Game Disease NFT now. Incredible art, and community get in before itâ€™s to lateğŸ‘€"
SpacecatsG35,6,False,140,,
soohejndldnds,12,False,45,Metaverse,
surajit_sen,219,False,445,India,"Worked as Creative Lead @TheSovereignNFT | 19+yr ex.3D Character artist | Worked on Aquaman,Life of PI, Ant Man, Venom,Lego Series, War,Shamshera,Pathaan & more"
NBaseke,74,False,451,,"Expert Comptable,

PassionnÃ© de la bonne gouvernance"
JOSSANT63582302,59,False,1154,,"Ciencia, aves y cultura"
FelipeLeaf99563,6,False,45,,
achyutsharma55,0,False,1,,
FlorDsgn,353,False,4517,"Barcelona, EspaÃ±a","âˆ Fashion Designer
â› á´Ê Ê™Ê€á´€É´á´… // @byroxfitness 
âœˆï¸ barcelona,espaÃ±a"
diana_chch,3,False,9,,
LottoFlix,20,False,83,,"Luck is within your reach - Get your lottery Nft Ticket now!

 Buy your ticket now in the Pre-Sale, hit me up on DM.
https://t.co/eUWtfuWdfs"
greenghostnft,67,False,198,,"@gasoline_xyz
nft tÌµrÌµaÌµdÌµeÌµrÌµ  investor"
zenspaceagency,11,False,10,,ZENSA - The Zen Space Agency. An original NFT collection only on Horizen.
GEO_mics,1,False,14,,Beautify the world with geometric patterns
walidnabile,67,False,525,"Milano, Lombardia","ğŸ‡®ğŸ‡¹ğŸ‡ªğŸ‡¬
â€â€Ù…Ø­ØªØ§Ø³ ğŸ¤”"
anarcho_app,538,False,693,Universe,Open Communication is like Open Source. Only thing better than that is Open Education.
noman23115,0,False,5,,
elino_D,11,False,75,"Lagos, Nigeria","A Jesus addict/
An introvert/
A wife /
mom of 2/
An aspiring farmer/
crypto enthusiast.."
AbdullaNizamud4,3,False,50,,Smiley
PoPocollector,44,False,208,,
Steph_better33,201,False,530,James 1:27,Never stop LEARNING ğŸ’ª Seek to UNDERSTAND ğŸ¦‹ Love UNCONDITIONALLY â¤ï¸ â€¦. and check out $DUT  ğŸ†•ğŸš€ https://t.co/uos2BIH7Ls
BmcoineC,6,False,104,,
Indrowkwknih,17,False,142,,
TheSeaBasss,68,False,452,"Ann Arbor, MI",Searching for the good life
Dinocroc_eth,2172,False,2695,,"Into NFTs since Jan '22
@SappySealsNFT | @ThePixlverse | @RooTroopNFT | @SquishiverseNFT | @ThePlagueNFT | @FroggyFriendNFT"
altunvedat722,68,False,147,,"only dark souls
https://t.co/M8I1y7eb07"
dsvereal,12,False,30,,
putradr24,16,False,94,,IAM BACK DUDE!
Krt0422,2,False,14,,
MiracleClown690,11,False,93,,
Dolboyo4,16,False,405,,
Omid__heidari,1,False,19,,
va0IeNume,0,False,193,"Knoxville, TN",1
EygocchaLLC,1903,False,157,"Chicago, IL","Yo, send me your beat or song, and I'll post it and tag you 
Let grow togetherğŸ™ğŸ¾ğŸ”¥ğŸ¤·ğŸ¿â€â™‚ï¸

#typebeat #beats #producer #typebeats #beatmaker #hiphop #trap #rap"
DaveOhnsta29674,3,False,43,,
Ghasemabbaspoor,17,False,34,,
AGZXY,456,False,727,éƒ½å†…,22
SaifMo29,0,False,2,,"Artist and seller.
Remember the past, Behold the future."
DavidLote64344,19,False,41,,
nz3155,0,False,10,,
ODRNFT,42,False,530,,NFT designer
ETekbyk,3,False,79,,
CodrutRadu2,52,False,177,,
KriptoAktas86,9,False,570,,
jovaneett,29,False,63,Singapore,https://t.co/9xVJ00wku6 - https://t.co/3BnqWsZq44                                         Nexo - https://t.co/g6cT8nRugg
c9889874,1,False,9,,
vitalit1789,7,False,346,,
PaulRito1,17,False,122,,handsome and caring guy
CREATEWITHVIN,417,False,288,"London, UK ğŸ‡¬ğŸ‡§",Creative Direction ğŸ“²ğŸ’« | AI âœ± WEB3 âœ± BLOCKCHAIN ğŸ”—
ArtByMilaM,44,False,490,,"If you want to help out and support:

https://t.co/6xSOBt5lhx"
690d1e41f3be498,16,False,56,,khan all alone heart made of glass mind of stone
15vera151,0,False,2,,
CarolyneQu37632,3,False,41,,
leonhushmoni,10,False,159,,
iMrF1NN,1,False,3,,German NFT Artist
HarryElsucioBbe,31,False,332,,
Loyalworldclub,3,False,19,,Welcome to LOYAL WORLD CLUB - a community for NFT collectors! Discover our unique collection of historical modern AI art and become part of our loyal community!
Olga75604405,28,False,94,Praga,online
kawazaiku_miya,128,False,170,,
icanhazyoursoul,912,False,2530,Norway Bergen Hordaland,Daniel RÃ¸skeland
HappySi06532864,3,False,85,,
ThomasAdam24828,12,False,27,,
cryptomemesart,1,False,8,Web3,"Unique Crypto Memes NFT Collection with huge roadmap.
Launch soon!"
bushmeatpie1,69,False,417,lagos,"isoko a comedian, creative artist #nftartist and actor. for business call +2348070556140 or email amazejoshuaart@gmail.com"
Luduking1996,64,False,922,Bangladesh,Trader
0xlvyne,2,False,28,,"Crypto Research / Node Operator
@QuaiNetwork Contributor"
Peter88677728,1,False,44,,"(ğŸ’™,ğŸ§¡) @0xHashstack Contributor"
mat98433,7,False,24,,Season 1 of collection based on Doodles created with Pixelated doodles
chaika_yevhen,24,False,122,Ukraine ,8.8.1988 #Artist and #NFTartist on https://t.co/JcEwx375Z9 and #OpenSea My art before and during this War
emanoel_hdy,1,False,5,,
alexduffant,247,False,998,"Los Angeles, CA",Attorney. @UOregon and @MiamiLawSchool alum. #NBATwitter enjoyer.
chadarmaut2he,1,False,28,"Gujarat, India",
Lieruge_Alkano,3,False,15,,"Follow my NFTs journey. 
Open sea (https://t.co/dpZnWg6TFW)"
pascale_coutoux,122,False,604,France,Du plus loin que me revienne mes souvenirs dâ€™enfant liÃ©s au dessin et Ã  la peinture la nature est prÃ©sente. Peindre mâ€™ a permis de renouer ce lien brisÃ©
JJ021278,136,False,888,"New York, USA",My sense of humor!!!!
LIFE_Literacy7,0,False,13,,"ã€ãã‚Œãã‚Œã®ç†æƒ³ã®å¹¸ã›ã‚’å®Ÿç¾ã•ã›ã‚‹ãŠæ‰‹ä¼ã„âœ¨ã€‘

ã©ã‚ŒãŒæ­£ã—ã„ã®ã‹åˆ†ã‹ã‚‰ãªã„æƒ…å ±ç¤¾ä¼šã§æœ¬è³ªã‚’ä¼ãˆã‚‹ã‚¢ã‚«ã‚¦ãƒ³ãƒˆâ”ƒãƒ©ã‚¤ãƒ•ãƒªãƒ†ãƒ©ã‚·ãƒ¼ã‚’é«˜ã‚ã‚‹ç‚ºã«ãŠé‡‘ã®çŸ¥è­˜ã€è³‡ç”£å½¢æˆã€å‰¯æ¥­ã€ãƒ“ã‚¸ãƒã‚¹ã€äººé–“é–¢ä¿‚ã€æ™‚æµã€å¤¢ã®å¶ãˆæ–¹ã“ã‚Œã‚‰7ã¤ã‚’ç™ºä¿¡!!â”ƒè‡ªåˆ†é”ã§æŠ•è³‡ã—è³‡ç”£ã‚’ä½œã‚Œã‚‹çŠ¶æ…‹ã‚’ç›®æŒ‡ã™DAOâ”ƒç¾åœ¨ç´„400å!!"
nft72571,23,False,47,,Hi
CrystalGirlart,0,False,1,"à¸à¸£à¸¸à¸‡à¹€à¸—à¸à¸¡à¸«à¸²à¸™à¸„à¸£, à¸›à¸£à¸°à¹€à¸—à¸¨à¹„à¸—à¸¢","I am an artist, nice to meet you. My English not good. ğŸ™‚ğŸ™"
Iesha21onE,468,False,1853,Nunukang,chasing the future
Shamy_702,167,False,436,"Las Vegas, NV",Clash and to the Moon with my â­•ï¸mi hâ­•ï¸mies ğŸ’ğŸ™Œ is what brings me here
sR0_01,19,False,43,,sR
PachinoBruno,5,False,126,,@harecrypta
wongsug01,71,False,2657,,"holder crypto 

my address bsc20/erc20

0xFA6ED40DDFBE71F023C497853B6CC2359Dd7b436
my address solana
8ANLcCyoSkrJd4MuyfU6B1vBc4qku4iXMYuSjDuK6dby"
Solreptiloids,47,False,615,Discord closed,"Solana collections PFP 

DM for collabs âœ‰ï¸"
SaramQadoos,2,False,68,,ğŸ‡µğŸ‡°
Rouva32,63,False,199,,welcome to all
fspaceid,4,False,11,,
Origins3_,14,False,21,"Lehi, Utah",Web3 Infrastructure and Marketing Solution
shanewebb7772,10,False,66,,"Mods / Gem Seeker / MAYC / Doodles
ğŸš€ / â›©ï¸"
Ahmet84539415,0,False,20,,
MickaAub1,76,False,155,dep 37,
VinitaNorswort1,6,False,48,,
multan_shine,3,False,12,"Multan, Pakistan",Shine Cosmetic's Products sell
onursaldeniz3,10,False,134,,
bittersweetgir2,57,False,3280,,
arbitrum_event,38764,False,231,,"Arbitrum offers a suite of Ethereum scaling solutions that are secure, fast, cheap & EVM compatible: @arbitrumcore, @arbitrum_cn, @OffchainLabs"
Megazee__,214,False,150,,"NFT Enthusiast 
Discord: Megazee#3448 
Sinner at @operationSIN #WeAreSinners"
Tomasz06727556,49,False,1777,"Katowice, Poland",
Nikki__Hill,20424,False,815,"California, USA",â€¢The Official Twitter Account OF Nikki Hillâ€¢  #EasyDi #CandyKay #NikkaHill #NikkiHill #NikkiDry #AdelynAbbe @vixen @legalpornocz @blacked_com @tushy_com
TheMaxWellz,10,False,43,,
JustinRaskin3,2,False,23,,
Nsh3337,0,False,4,,Nurseâ¤ï¸
OantaIon,0,False,2,,
dinoralimaLima,13,False,92,,"MAYC || BAKC || Diamond Hand || Snag
ğŸ³ || ğŸ’"
VatulinaVV,3,False,5,,
Un_Utku31,0,False,10,,
AdjoviWilfrid,310,False,1522,,Artiste/musicien bass player.
ZickyIlham11466,0,False,3,,
MYBNYC1,56,False,285,"Bronx, NY",ğŸª¬ğŸ‡©ğŸ‡´ğŸ—½
sarapizzicaroli,1,False,14,,
colli61311,6,False,54,,
BlueberryPotter,2,False,3,,
Egal432,9,False,59,,
geohan1982,3,False,60,,
Topu69208276,29,False,156,,
neorobin1776,32,False,118,Heaven & Hell,"Viva La RÃ©sistance
Viva La RevoluciÃ³n
Vires In Numeris
Vox Populi
Vox Dei

nuff said."
LSomoskovi,20,False,33,,
leoruxh,2,False,18,,Nothing Special
barrazabailbond,296,False,878,"Los Angeles, Ca",Letâ€™s get to the moon together #WAGMI I have a bag of #Vechain #Matic â€¦ and #IMGNAI ğŸš€
ikwobe20736,17,False,51,,loving
contributionnft,17,False,109,,Contribute.
JovenProfeta69,227,False,1517,Mi casa.,â’¶rtista. danielbotar20@gmail.com
NFTea22,1066,False,405,Eth,"Exploring the world of NFTs, one sip at a time. Digital art collector, crypto enthusiast, and blockchain believer."
Andy80881446,4,False,26,,Online Coaching| Dm to work with me!
zdravko_tnv,9,False,27,,"Network Engineer 
Crypto Enthusiast
Football Fan"
hebib_rine43566,1,False,21,,
kuwe78,3,False,12,,
JadeabilityWW,77,False,371,,Go
FrightFritz,16,False,118,The Ethereum,NFT Degen
PCoutoux,4,False,14,,Du plus loin que me revienne mes souvenirs dâ€™enfant liÃ©s au dessin et Ã  la peinture la nature est prÃ©sente. Peindre mâ€™ a permis de renouer ce lien brisÃ©
BeliaKeyton,1,False,50,,
alter_minds,16493,False,2994,,"â€¢ Buy high, sell low. Get https://t.co/7urmJkbKI5

@haxradio @thisisweb3 @pxlmagevillage @OnBndit"
Isaac_CYF,10,False,107,"Kuching, Sarawak",Web3 Beginner | Poker Lover | Cryptocurrency Trading | è‡ªæˆ‘å¢å€¼
afsellBigwin16,47,False,866,,"Bismillahirrohmanirrohim
Lahaula wala quwata illa billahil aliyil adhim.
 https://t.co/TvEhikEK25 #bigwinner #miracle"
businessfuture_,14,False,141,,"NFT and Web 3.0 ExpertğŸ§‘ğŸ»â€ğŸ’»           ğŸ’°+850.000 $ generatedğŸ‘‘
Earn with NFTs in Bear Market HEREğŸ‘‡"
meteHaN3123,0,False,53,TÃ¼rkiye,"amateur NFT producer ğŸ«¥
 Math teacherğŸ”¢ğŸ–‹ï¸
Geometry teacher ğŸ“â—¾â—½
Spiritual GuideğŸ•‹"
trixs189,27,False,251,,"highschool student, beginning NFTâ€™S"
NancyLawso33488,14,False,36,,
giorgiimnadze12,5,False,26,,
Rehankh72634555,13,False,16,,
mdasif22222,864,False,1507,Canada,ğŸ’¯% flow back
Jade_Ladina_Art,1,False,28,Nederland,
SaghiHatami,318,False,1036,"Nottingham, England",following: #decentradragon ğŸ¦–
vrcryptoart,1,False,4,,
kadayyamathapa7,3,False,18,,
Vedant1366,2,False,5,,The nft creator
Aafricanpro,9,False,14,,
ChristinaB46341,16,False,54,"Dover Massachusetts, USA",I will overcome obstacles with my bravery and love of freedom
yu_jirushi,3884,False,3365,Game on Twitchâ†“,"https://t.co/v05mFqYdqB day job is video editor(YouTube and TVCM), photographer and consultant.Newbie NFT collector. Gamingâ†’@yu_jirushi_FF14"
ekota_a,9,False,11,,
jacksu44198,1,False,24,,
Pabloonas,10,False,102,"Scotland, United Kingdom","I am a freelance artist & creator of little creatures & freaksters... available to adopt from my Etsy shop...
https://t.co/sAIreVtGAc"
metajynii,2,False,4,,"Tutor of the Korea Metaverse Instructor Association and teaches Metabus and Web 3.0.Zepeto, Spatial, ZEP, NFT etc.
Tea ceremony instructor/  Korean traditional"
LALUPRA54299165,97,False,1132,india,
KengelKevin,147,False,153,,Damn Sir!
0xARSVL,330,False,24,Your Artboard,Visual Designer | AI Artist
R10aryana,2,False,57,,
JPirouzbakht,2,False,68,,
SivxCreation,368,False,310,Gods own place ,"Creativity starts with experiments and looping. The project was created for mindful relaxation.
#mininamaldesigner #sivxcreation #NFTartist"
Investment78641,5,False,12,,
settle_dust,9,False,174,,
d8BwSfD2o2eNJqS,8,False,166,"North Holland, The Netherlands",I love China
Uprising159,38,False,993,,$DATA
kosta_real_,104,False,402,"Piemonte, Italia",24 kğŸ§˜ğŸ›¸
jaymills28,2,False,2,"Manchester, England",Just out here trying to do something good ğŸ˜Š
zedyeth,31,False,29,,"Crypto investor, Researcher ğŸ”¥DM For Any Business Inquiry
#BNB #BTC #Memes #Defi #NFTs #Web3 #Tokenomics"
UjBZb95LoTgx3pm,64,False,184,,
deviumofficial,44402,False,182,ğŸŒ,"Devium Summit | 25 March 2023 | @Ä°KÃœ AtakÃ¶y YerleÅŸkesi
Join event ğŸ—“ï¸ https://t.co/WEsMaapBRo
Code it, Own it, Monetize it! âš¡
Join now ğŸ”¥ https://t.co/wtBh34KqIi"
ZzangBozi,3,False,24,,ice
King_Sy22,46,False,750,"Rehiyon ng Kanlurang Visayas, ",B2B Lead Generation Specialist | Social Media Manager |
edozzy1,139,False,526,,"#PAW ADDRESS 

paw_3ics8jb8yz36mungkk78miuiyfrn4mw3d3trohpzz6fhabtg9dy6dq3jpxk4"
JadeCarrasco12,258,False,56,Blockchain,Crypto and NFT enthusiast. Long-time follower and believer in the power of blockchain. Currently promoting my latest project. #crypto #NFTs #blockchain
mohamad95744924,4,False,27,,
human10_real,535,False,5011,Heaven,"Like @walisultan_real said for a person to be a good person, they only need to build it through the practice of free living between men and women. #Love #Human"
poetzip,1,False,3,,
StonedCubs,91,False,589,Living on  Avalanche Network,"PylonFI, launching Stoned Cubs Nft. Bringing real world legitimate Cannabis farming to web3. more info soon. https://t.co/6Lnh18QyrV"
AhmedUsme,3,False,9,,
spamsushi_sol,12,False,105,,Bonafide Solana NFT trader | The one and only spam sushi on the Solana blockchain
SybleGaut,1,False,42,,
ersin_mutlu,1,False,2,,
ChiaWeiLoon76,48,False,129,é©¬æ¥è¥¿äºš,#æ¯”ç‰¹å¸ #Bitcoin #Malaysia #ETH #Doge
aka_blockchains,31,False,384,Ireland,Everything is going Digital.
InvestorGodson3,25,False,102,,
KoiOliver,11,False,43,,"Hello! My name is Koi Oliver, I'm an illustrator and manga artist. 

SELLING INTERESTED NFTS LINK IN BIO!!

ART COMISSIONS OPEN! 

 â˜¢
 
-â˜ª-"
nikkisNFTSart,9,False,35,,I take risk in life to achieve my goals..
KUUSOUNFT,0,False,1,,"Project KUUSOU.

Fantasy | Illusion"
funkyardzombies,4,False,21,,Funkyard Zombies Collection created by @BigBelleeZ
BordianIacob,0,False,3,,
Ruka_NFT_03,1,False,16,,
zhngmnshn1,3,False,8,,peace&love
Mrror06,2,False,18,,MÄ±rror
absvandalist,28,False,190,"Stafford, England","Daring artist blending vivid colors and potent metaphors. Transcending boundaries, works captivate, immersing viewers in a vibrant, thought-provoking realm"
dolpost1,2,False,12,,
Cyborgdreamz,96,False,651,"San Francisco, CA","Iâ€™m Soleil, certified sex therapist, sex worker, artist, & inter dimensional being. web3, DeFi, DOA enthusiast. NSFW"
OrvilleSte12765,0,False,48,,
umezakikokichi,806,False,1549,Tokyo Japan,"ç”»å®¶ãƒ»è©©äººã€‚Painter. poet åˆ†é‡å•ã‚ãšã®å‰µé€ çš„äººé–“é–¢ä¿‚å½¢æˆæ´»å‹•ã€‚ è‡ªåˆ†ã‚‚å«ã‚ã€å…¨ã¦ã¯å‰µé€ çš„è¡¨ç¾ã®ä¸€ç´ æã§ã‚ã‚‹ã€‚ å¦‚ä½•ã«ç´ æã‚’æ´»ã‹ã™ã‹ãŒè¡¨ç¾è€…ã®åŸºæœ¬ã§ã‚ã‚‹ã€‚è‘—æ›¸ã€Œå°æ—ç§€é›„è«–ã€è©©é›†ã€Œæš—ãæ·µã‚ˆã‚Šã€
å° æ— ç§€ é›„ è«–
https://t.co/mrgtXvygWU"
Fu74761739,1791,False,1701,,æ ªå¼ã‚’ä¸­å¿ƒã«æŠ•è³‡ä¸­ã€‚å„„ã‚Šäººã‚’ç›®æ¨™ã«ã—ã¦ã‚„ã£ã¦ã„ãã¾ã™ã€‚æ—…é£²ã¿ãƒ–ãƒ­ã‚°ã‚‚å§‹ã‚ã¾ã—ãŸã€‚ãƒ•ã‚©ãƒ­ãƒ¯ãƒ¼5åƒäººãŒç›®æ¨™ã§ã™ã€‚ç›¸äº’ãƒ•ã‚©ãƒ­ãƒ¼ã—ã¾ã™ã€‚
jiangzh88234690,4,False,18,,
DonaLennie,10098,False,19,,"NFT Investor,NFT Collector
Spreading web3 vibes"
ScotteMetz,10,False,6,,
NaseerH63058,1,False,7,"Karnataka, India",Hi I'm Mr naseer nice to meet you I'm nft creater
naomithomasThom,8,False,79,,Goblin | Azuki | Meebits | GameFi Player | DeFI Farmer | Rugpull survivor
Darelex01,19,False,86,,I'm the son of the fountain that won't run dry
Alinikk71584748,47,False,763,,
TCoachPower,9,False,181,,"Health & Kombat expert
Cypriencoach@gmail.com"
ulzRvFjAgNsIfqP,6,False,7,,
JosephMan619nft,16,False,184,Costa Rica,"Full Stack Developer / #codelover 
NFT Creator #nftartist"
AungDi1547335,1,False,22,,
mohosinsk4,40,False,463,,
milly_kn24,3,False,54,,
Cursed_Galaxy,120,False,206,,
muhammed_gokov,0,False,107,"Ä°zmir, TÃ¼rkiye","Sporcu 
2017 optimist Milli TakÄ±mÄ± ğŸ‡¹ğŸ‡·
Marmaris"
TrisnaKosalaiDe,326,False,1459,"Denpasar,Bali,Indonesia",Denpasar â€¢ Just mention for follback
tohuonghlcb,31,False,68,,
SengurBerkay,7,False,95,Turkey,Enthusiast of #ecommerce and #AI. ğŸ”¬Exploring the limitless potential of #innovation. ğŸ“ˆUnleashing the power of #crypto for a smarter future. ğŸ’¡
DanTheLion29,14,False,39,,
_JU137,94,False,258,,Discord: JU7#8222 //  @llamaverse_ #66 #2230 #2036 #3787 #3901 | #GoldBoost #Silverboost 3x
junki1978,265,False,1247,Brazil,Project Coordinator @garena and Games Course Coordinator at @ebaconline
xrock_my_bodyx,562,False,925,United States,Founder of X-Growth Gems; . #BSC #ECH #MEME #NFT #BlueMove #MOVErs
omids42728lasve,47,False,103,,
RoahmanB,392,False,102,,Crypto / NFT Enthusiast.
MincksLashandra,6,False,44,,
saliba_eth,1058,False,636,,"ğŸ”± ğ‘“ğ‘¢ğ‘™ğ‘™-ğ‘¡ğ‘–ğ‘šğ‘’ ğ‘¤ğ‘’ğ‘3, ğ‘ğ‘‘ğ‘£ğ‘–ğ‘ ğ‘œğ‘Ÿ, ğ‘ğ‘šğ‘ğ‘ğ‘ ğ‘ ğ‘ğ‘‘ğ‘œğ‘Ÿ, #ğ‘†ğ‘ğ‘ğ‘ğ‘’ ğŸ™ï¸

âœï¸ ğ‘¡â„ğ‘Ÿğ‘’ğ‘ğ‘‘ğ‘  ğ‘¤ğ‘’ğ‘’ğ‘˜ğ‘™ğ‘¦

 ğ——ğ—  ğ—ºğ—² ğ˜ğ—¼ ğ—°ğ—¼ğ—¹ğ—¹ğ—®ğ—¯ğ—¼ğ—¿ğ—®ğ˜ğ—² ğŸ’»ğŸ‘¥"
jeromegriffinGr,7,False,79,,
HistoryHues,1,False,4,New York,
pineapp1e98,15,False,604,,I LOVE Pizza
MParvanehreal,0,False,19,,#NFT
JOSEJOA83506924,67,False,509,,Porque el viaje comienza al recordarlo.
Sajjad111s,0,False,3,,
jiangyuan7888,11,False,52,,
chuksmith1,16,False,89,,
ShafaShaff38905,0,False,4,,
opinorofficial,1,False,9,,NFT Creator
AndyPeskov,1,False,6,Russia,"Artist, illustrator, graphic designer, writer."
ShainaticsDavio,237,False,1636,Philippines,We support SHAINA MAGDAYAO
shivaulhaq,708,False,365,Indonesia,"Hi, iam back!"
TomKloesel,13,False,32,,
btc_zina,11,False,12,,"$ETH

Pump or Dump

#NFT"
liudew258369,5,False,33,,
TrumpInmate45,3,False,5,,"Welcome to the Trump Inmate 45 NFT collection, a satirical take on the 45th President of the United States."
Deposit_CN,5,False,61,,Time will tell
HzELinair,4,False,27,,
HealingNFTss,733,False,410,"San Antonio, TX",Bartender. Model. Psychology major. Sober. Artist. I trust in the big man up top! HACKED by @HealingNFTs
fst6pzc6fp,8,False,77,,
AnhTuan1098,45,False,107,,
DrakeNathans,0,False,3,,
MariePirela2,4,False,21,,Marie Pirela  - NFT artist
HillHill991500,13,False,51,"Kokomo, IN","Life Vet, survive, thrive, self awareness"
Lucky44461,98,False,1407,Bangladesh,Trader
Easybreeze69,11,False,19,,
juliorivera195,81,False,656,"Huntsville, AL",I'm fun and funny person i'm male stripper just let me know if you want me to dance for you ...ğŸ™ˆğŸ™‰ğŸ™‰ oh and i have onlyfans
Kuma2892Rohith,6,False,49,,
mr_jezy,114,False,403,"Aarhus, Denmark",feel free to live large
rolandomatiias9,23,False,281,"Guayaquil, Ecuador",Nunca dejes de avanzar
om13id69,1,False,32,,
LightForceBeats,3,False,386,,
Howth88,119,False,627,,"Interested in crypto. Love nature. Work @rage_trade

https://t.co/cYGzdqydrTâ€¦"
CamilleHsiao,15,False,45,San Francisco,Head of marketing @bluwhaleai who got sucked into the #crypto & jpeg rabbit hole & loves to consume dog videos 24/7
Lokii302419786,22,False,34,,
ogorodnik29,1,False,9,,
twicetold_1987,7,False,22,Kalamazoo,actress  Iraq #digitalartist #ethereum #digitalillustration
IshanNK95,10,False,41,,Software Engineer Mobile
ice_whalee,12,False,35,,"Welcome to the Ice_Whale Project

Actually, I don't have any group or team, I design and sell it myself, if you like it, buy it and benefit."
PujaAndhar55240,1,False,2,,
ainaaasAas,12,False,63,,Rugpull survivor | Doodles #4003 | MAYC #6351 | BAKC #5316
0xglover,6,False,259,,NFT and crypto wizard
NFTLover267,6,False,24,Poland,Passionate about NFTs and cryptocurrency. Always staying up-to-date on the latest trends and news in the world of blockchain
JonDunkleberge3,4,False,45,,
zkm6ney,12,False,197,,"web3 https://t.co/9MdgsgJ5vK 
#MintSquare"
Bobsko_,47,False,270,,
Necmettin_2662,2,False,12,,
King_NFT2022,17244,False,17459,,Crypto & NFTs
KatibArian,2,False,6,,Ù‡ÙŠ Ù„Ù† ØªØ£ØªÙŠØŒÙˆØ£Ù†Ø§ Ù„Ù† Ø§Ù†ØªØ¸Ø±Ù‡ØŒÙˆÙ‡ÙƒØ°Ø§ ØªØ¹Ø§Ø¯Ù„Ù†Ø§ØŒØ§Ù†ØªÙ‡Øª Ø­ÙƒÙŠØªÙ†Ø§
Ppidou_,18,False,95,Hong Kong,
LeScout222,19,False,295,Canada,"-Crypto / Blockchain is the new horizon, UNBANK yourselfs 
-Photography enthousiast ,
-Simba , my 16 year old cat...my hole world !"
Crypto__Volcano,256,False,697,,
NicolasTweetz_,123,False,633,"Belgium, Flanders, Deinze",Sylwia Urbanoska PoP & Glass ART
marc567,56,False,444,dartford ,
godfacenft,96,False,141,"Bali, Indonesia","The gallery of artworks is an attempt to embody the image of divine power in avant-garde pieces, using shapes, lines, colors, and textures."
EsraFidan_,212,False,290,Ä°stanbul,"Art lover, fun chaser, coffee expert, advertiserğŸ‘“ğŸ–‹ï¸ğŸ¥ğŸ¶ğŸ–Œï¸"
DanApostol666,48,False,60,,
opondo___dan,84,False,154,"Nakuru, Kenya","Crypto enthusiast, Blockchain writer and researcher since 2020

For business contact me at, oppondocrypto@gmail.com"
donjaz22,13,False,9,,
fatcutemonsters,21004,False,566,United States,"FCM is a collection of 9,999 unique NFTs, will open the doors to a new world.
#Metaverse #Gaming #AI #Crypto #NFTs all in one, Stay tuned!
https://t.co/mn61tP5Aqb"
LaMianTaoCan,4,False,38,,2017å¹´å¼€å§‹ç‚’å¸ï¼Œè‡³ä»Šè¿˜æ²¡æš´å¯Œçš„ç©·éŸ­èœï¼Œç”šè‡³è¿˜åœ¨äºæœ¬é‡‘ï¼Œå°±æ˜¯åœ¨ä¸‹äº†ã€‚
azfarh4895,2375,False,240,,"Please read on and share awareness of @ninjacatgir1's unfortunate story of medical malpractice in Japan: https://t.co/51ZJVGNt3q

She deserves better"
yuli60830539968,1,False,7,,
XoxoKhattak,22,False,55,,
CarolDann9,2,False,49,,
CisloLoise56721,1,False,50,,
GldehenY,68,False,147,,GÃ¼ldehen YoÄŸurtÃ§u is a professional photographer and abstract artist living in Berlin and Istanbul.
ericlow38795655,5,False,24,,
BorlasJulan,9,False,82,,Trade!
MoniqueVeitch,15,False,125,POLSKA,"â€Staraj siÄ™ pokazaÄ‡ to czego bez ciebie, nikt by nie zobaczyÅ‚â€. Robert Bresson"
wernald_crypto,2,False,21,,"Wassup honey, my name is Wernald and I'm crypto enthusiastğŸŒŸ 

Discord - Wernald#8281"
Linnea5323,3,False,60,,BAYC. GameFi. McDonaldâ€™s. Degen
ArieNFT13,38,False,100,,"I'm Ari, NFT creator, Polygon special delivery, if you want to order and want to place an order, here's my email, cryptonftari@gmail.com"
SnowyBears_nft,31,False,3,in your wallet ,something is coming
vv_popov_tw,5,False,57,,Ğ¢Ğ°Ğ¹Ğ½Ğ°Ñ Ğ¶Ğ¸Ğ·Ğ½ÑŒ Ğ’Ğ»Ğ°Ğ´Ğ¸Ğ¼Ğ¸Ñ€Ğ° ĞŸĞ¾Ğ¿Ğ¾Ğ²Ğ°
BabkSkry93612,0,False,3,,"#NFT #socialmedia #marketing social media marketing freak!
marketing manager at Iransarmaye which is an #Crypto academy in Iran"
jamilkhan2378,25,False,110,,Love
alysha_ham11326,2,False,45,,
HNRuikka,146,False,434,Thailand,"Crypto & NFT Promoter â€¢ Shiller & Investor â€¢ DYOR - NFA 

DM for business #BTC  #BNB #TETHER

âœ¨ #MemeVerse âœ¨ #EverestCoin âœ¨"
EwingsJamison,2,False,46,,
emma_guzel,7,False,18,,
Mahi8126,9457,False,8678,"uttarakhand, India ",KABIR IS GOD
cryptoairdropc,1,False,15,,"Crypto Airdrop Club

The latest crypto news airdrop giveaways"
Hanyjesu,10,False,12,,
thisisrandal,105,False,244,,Co-Founder of @CollectiveMuti | Bridge from the old to the brave new world | @kernel0x kb7 ğŸŒ± | @She__Fi Cohort 8 ğŸ’«ğŸ’«
lalobalumina,4,False,18,,
Mumbai_child,1642,False,1641,æ±äº¬,ğŸ“å›½éš›å”åŠ›æ¥­ç•Œã§DXğŸ’» + ç¤¾ä¼šç¦ç¥‰å£«è³‡æ ¼å–å¾—ä¸­âœ +å…±åŒæ›¸åº—ç·¨å¢ƒï¼ åƒä½â—€ é’å¹´æµ·å¤–å”åŠ›éšŠã¨ã—ã¦å…ç«¥æ‹˜ç½®æ‰€ã§æ´»å‹•@ã‚±ãƒ‹ã‚¢ğŸ‡°ğŸ‡ª â—€ TCS JapanğŸ‡®ğŸ‡³â—€ ã‚¹ãƒ©ãƒ ã§ãƒ€ãƒ³ã‚¹ã¨éŸ³æ¥½æ•™è‚²@ã‚¤ãƒ³ãƒ‰ğŸ‡®ğŸ‡³ â—€ é•·å´ | å”åŠ›éšŠ |ã‚·ã‚§ã‚¢ãƒã‚¦ã‚¹ãƒãƒ§ã‚¤ãµã‚‹åŒ—åƒä½ä½äºº
sakuya_coconala,68,False,98,,"2023.02.28ã€œã‚³ã‚³ãƒŠãƒ©ã§äººç”Ÿç›¸è«‡ã‚’å§‹ã‚ã¾ã—ãŸâœ¨
ç‰©æµç³»å€‹äººäº‹æ¥­ä¸»ã€‚
ç”Ÿç²‹ã®é–¢è¥¿å¥³ã€‚é–¢è¥¿å¼ä¸¸å‡ºã—ã§ã—ã‚ƒã¹ã‚Šã¾ã™ã€‚
ã‚ãŸã—ã®å£°èã„ãŸã‚‰å…ƒæ°—å‡ºã‚‹ã§ã€œâ—ï¸
ãƒˆãƒ©ãƒƒã‚¯å¥³å­ï¼éºå“æ•´ç†å£«ï¼ã‚¤ãƒ³ã‚¹ãƒ”ãƒ¬ãƒ¼ã‚·ãƒ§ãƒ³ã‚¿ãƒ­ãƒƒãƒˆï¼ç¬¬å…­æ„Ÿå¼·ã‚ï¼
çŒ«ãŒå¥½ãï¼æ‰‹å…ˆã¯çµæ§‹å™¨ç”¨ã‚„ã®ã«ç·¨ã¿ç‰©ã¯å‡ºæ¥ã¸ã‚“ã‚ªãƒ³ãƒŠï¼ãƒãƒ³ã‚³ãƒ„ï¼
å¹³ãŸã„é¡”æ—ãƒ”ãƒ³ã‚¯é ­"
snueci,3,False,5,,sales
Hangxxin,0,False,20,,åšç¤¼èŸ¹
EvelynbauTy,115,False,1576,Medan,"Pengen sukses om jin
#BNB"
Pu2v8WsxuoNTZ2B,0,False,4,,
yunnkerujidouka,493,False,361,,"ğŸ°Web CastleWorldğŸ°ãƒˆãƒ¬ãƒ¼ãƒ‡ã‚£ãƒ³ã‚°ã‚«ãƒ¼ãƒ‰NFTã€å‰¯ä»£è¡¨ã€‘ã€ã‚¹ãƒˆãƒ¼ãƒªãƒ¼ãƒ†ãƒ©ãƒ¼ã€‘ã€ãƒ—ãƒ©ãƒ³ãƒŠãƒ¼ã€‘ã€ã‚·ã‚¹ãƒ†ãƒ åˆ¶ä½œã€‘ãƒ˜ã‚­ã‚µä½æ°‘ç¥¨ï¼”ã¤æŒã¡
ã‚«ãƒ¼ãƒ‰ã‚²ãƒ¼ãƒ æƒ…å ±&ãƒã‚±ã‚«ç‰¹å¤§ãƒ—ãƒ¬ã‚¼ãƒ³ãƒˆä¼ç”»å§‹å‹•

ã€ŠWeb CastleWorldã€‹å±•ç¤ºHEXAï¼ˆãƒ˜ã‚­ã‚µï¼‰ãƒ¡ã‚¿ãƒãƒ¼ã‚¹&NFT&ã‚¹ãƒˆãƒ¼ãƒªãƒ¼â‡©â‡©â‡©"
NeuroticCatfish,4,False,15,,97 160cm 44kg å¥³S
chong_gosz,0,False,45,,
winaafitriahhh,118,False,166,"Bandung, Indonesia",love myself so much..
NeonNavigato,0,False,4,,
qfzbls,1,False,16,,
Nebulae_8,133,False,206,,Grabbing 100x gems by the horns
escamote,1035,False,1575,"ê²½ê¸° ê´‘ì£¼, íŒêµ, ëŒ€ì „, ì œì£¼","ë¬´ì—‡ì„ ë…¸ë¦¼ìˆ˜ë¡œ ë‘ëŠëƒë³´ë‹¤ ë¬´ì—‡ì„ í•´ì•¼ í•˜ëŠ”ì§€ê°€ ìš°ì„ . ê¸°íšâ€¢ë§ˆì¼€íŒ…. ê²Œì„â€¢ì•±â€¢ì»¨í…íŠ¸ IT ê¸°íšì. since 2017 cyanstar., Inc. founder. ë¬¸í™”ì°½ì—…í”Œë˜ë„ˆ 4ê¸°. ""hashbrwon;letter""""trip friendz"""
rrrruok12,4,False,45,,
MitchWasilwa,1,False,8,,
lnngtin1,0,False,46,,
EscobeoKermit,2,False,36,,
Goeuding,33,False,479,,"Ensign @StarwalkerMMO
#AI2Earn
@CryptoGPT_org"
David4819888202,0,False,2,,
niki45500,7,False,6,,
StJudith2,11,False,49,"Dubai, United Arab Emirates",â­ï¸NFT Artist â­ï¸AR/VR/XR â­ï¸Community Management
NftArtst,274,False,65,"Auckland, New Zealand",
Sean_Clemente,1528,False,177,"Lisbon, Portugal",Community manager for @LibexMarktplace - talking all things Web3 & DeFi.
Soulart88656192,31,False,190,"Durban, South Africa","Visual Artist ,NFT creator."
AlsafiFatha,7,False,44,,"Memes, Comedy & News Turn Post Notification On ğŸ”” Follow us for Daily Viral Videos!"
HdaTerence,3,False,12,,
_just_joking,7,False,11,,
MyesKira,18,False,48,,
NexusGenNFT,27,False,128,,
NealNFTPP,41,False,203,,Cryptography engineer and Ethereum developer. Building the infrastructure for decentralized applications on Solan.
storueo23424988,2,False,4,,
spr_39,24340,False,7666,,ç”Ÿãã¦ã‚‹ã ã‘ã§ãˆã‚‰ã„
sakurabito_b,1,False,4,,
klickdotgg,480,False,177,,"News, Gaming and Community. One KLICK is all it takes."
vetru10,3,False,23,,NFT LOVER
TrainRideNL1,15,False,153,,Empowering financial literacy through concise content and GIFs - 93.5% currency devaluation survivor ğŸ“‰ -Bringing new light to conversations in my spare time ğŸ¤¯
10Stair47942,5,False,11,Japan/æ—¥æœ¬,"#NFT creators from Japan
""Maybe they are us or maybe they are something else.""
#opensea ã§NFTã‚’ä½œã£ã¦ã„ã‚‹å…„å¼Ÿã§ã™ï¼"
Matata05Hakuna,21,False,36,Singapore,Web3 Enthusiast
SaeidSardary,1,False,26,"zanjan,iran","Assistan Professor of Traditional Medicine 
in zums"
siksik2da,1270,False,2457,,"https://t.co/Xh44raZKq7(ğŸ’™,ğŸ§¡)(ğŸŒ¸, ğŸŒ¿).lens#byebyebirdieLeft to Phaver | siksik.bnbğŸŒŠğŸ“˜$JOY and @JoystreamDAOlink3.to#zkAnimals#Sakaba@0xHashstack Contributor"
CiottiLue,21,False,49,,
ez4edii831,10,False,58,,
ArtStudio_K5,1011,False,2778,"Houston, TX","Art Teacher | Multimedia Producer | Follow our weekly fun learning adventures connecting Art, Science, Reading, Writing, Social Studies and Math #procreate"
TBabes_124,24,False,198,London,A strong black woman
Imrankhannfts,6,False,11,,"Own a piece of history with Imran Khan's exclusive NFT collection, showcasing his legendary career and inspiring leadership. Change & Hope"
kashifaziz21,80,False,249,Pakistan,"Designer, Brand Enthusiast, Freelancer, Entrepreneur
Imagine, Create, Explore & Read."
GearzNFT,15037,False,4,Ethereum,"5000 Collectibles. 

Building in web3. Project Gearz."
BigaAlex,1049,False,278,,"$QNT
$EWT"
Daan0707,8,False,15,,
parrott_bro,2,False,20,France,Service desk analyst in Begawan #crypto #nftcollectibles #artgallery
RustHatsTrap,9,False,28,,
EmterRayann,47,False,927,,Beautiful
Hahah511609711,3,False,16,,
huohuo03333006,21,False,115,,
CraicClubhouse,73,False,145,,"Home to an amazing community of Craic Headz, who love story, gaming and steampunk art"
fluffysushibee,3,False,14,"Kota Kinabalu, Sabah",curiosity
isopi_y,121,False,599,æ„›çŸ¥ è±Šæ©‹å¸‚,ãƒ•ãƒƒãƒˆã‚´ãƒ«ãƒ•ã‚’æ¥½ã—ã¿ä¸­âš½ï¸â›³ï¸ https://t.co/agrz2cuIQI Sleepagotchi/ã‚·ãƒ³ãƒœãƒ«ã‚¦ã‚©ãƒ¼ã‚¯ /HibikRun /Poppin /moow /PENTA /AstarFarm
NONFTNOLIF35451,0,False,24,,
DingocoinFDoge,13,False,51,,"1 DINGOCOIN = 1 DOGECOIN Focus all your mind on the Dingo(Dingo coin) which is a Dogecoin fork
#Dingocoin"
Mikee3130,3,False,8,united states,nft lover
cryptoguy_MD,1013,False,624,Web3 ,community â€¢ growth â€¢ project manager â€¢ community manager & moderator â€¢ collab manager â€¢ marketing â€¢ gym & gamer
el_roda11,15,False,340,"Pool, Congo","#entrepeneur #congolaisğŸ‡¨ğŸ‡¬ #jeunevisioneur #brazza
Excellent
I am a young business enthusiast. And I'd like to succeed in business"
Platoon01x,5,False,56,,
saaaaai234,288,False,803,,
MehrdadNf,0,False,18,,a nft lover and artist
rowanezra5,15,False,96,,
PolyArtNFT_,10,False,37,India,"Nothing to say, but one things i recommended to you, if you have  interested on NFTs, then click this link : https://t.co/xhRNK6b1Ai"
trine_277,19,False,98,Merced,economist  Athens #cryptopunks #design #artist
wudizhansh1,0,False,13,,
ByIstatistikci,2,False,34,,
emunchoo,41,False,96,,ç¼ºå¸­
web3cz,448,False,71,å¤§ä¸­ååœ°åŒº,NFTç™½åå•æŠ½å¥–ğŸ”ä¸¨gamefié“¾æ¸¸çˆ±å¥½è€…ğŸ¶ä¸¨ç©ºæŠ•äº¤äº’ğŸ¥šä¸¨å¸åœˆçƒ­ç‚¹å¹²è´§ ä¸¨äºŒçº§å¸‚åœºäº¤æ˜“å‘˜ä¸¨#BTC  #ETH #BNB æŒæœ‰è€… | Web3 Advisory & Marketing | DM for collab ï½œ NFT collecter ï½œğŸˆ¹ï¸ğŸˆ¹ï¸ğŸˆ¶ï¸ğŸˆ³ï¸â“ åˆä½œç§ä¿¡æˆ‘â€¼ï¸
AlexLy572410,2,False,20,,Acrylic artist with physical artworks. Currently I am planning to bring my artworks to the world through the NFT platform. Hope everyone's support me!
Epperly_li,1377,False,3008,"China, US",Investing in crypto since 2017; Ex Bitmain; Venture Capitalist; tg:@epperly1220 this is my only account.
noraid18,50,False,398,,
motion_yahya,1755,False,903,Ø§Ù„Ù…Ù…Ù„ÙƒØ© Ø§Ù„Ø¹Ø±Ø¨ÙŠØ© Ø§Ù„Ø³Ø¹ÙˆØ¯ÙŠØ©,Ù…ØµÙ…Ù… Ù…ÙˆØ´Ù† Ø¬Ø±Ø§ÙÙŠÙƒ ğŸ’¡ ØªØµÙ…ÙŠÙ… Ø§Ù„Ø´Ø¹Ø§Ø±Ø§Øª ÙˆØ§Ù„Ù‡ÙˆÙŠØ© Ø§Ù„Ø¨ØµØ±ÙŠØ© ğŸŒ¼ ÙˆØªØµØ§Ù…ÙŠÙ… Ø§Ù„Ø³ÙˆØ´ÙŠØ§Ù„ Ù…ÙŠØ¯ÙŠØ§ ğŸ¯ Ù„Ù„ØªÙˆØ§ØµÙ„ ÙˆØ§ØªØ³Ø§Ø¨ ğŸ“± Ø¥Ø¯Ø§Ø±Ø© Ø§Ù„Ø´Ø±ÙƒØ© https://t.co/XQSIsQnEPU
ThreattHiram,5,False,43,,
wu217000,3,False,26,,
DEHUNTER020,8,False,43,United States,Keep hunting ğŸ•´
Help_Labs,2036,False,62,Arbitrum,Committed to decentralized public welfare finance #Arbitrum $HELP
CarlzTweetz,110,False,410,"England, UK ğŸ‡¬ğŸ‡§",
roninsly1982,11,False,68,,Ğ¯ Ğ· Ğ£ĞºÑ€Ğ°Ñ—Ğ½Ğ¸ )
imXXXX_NFT,11,False,31,,I will express your name in Japanese kanji. For sale at open sea. We are accepting requests for names to be NFT
haseebhase78268,8,False,19,,
jeznoahali,377,False,45,Metaverse,ğŸ¨ Owner of BAYC #2768 - #7151 / Otherdeed #2768 - #59613
NftRegulas,14,False,114,,hi! I'm regulas
cryptopunked_,43,False,257,,NFTs are the future. But it can be scary to get started.
Ban_calligraphy,8,False,26,,â™¦ç¾å½¹æ›¸é“å°‚æ”»å¤§å­¦ç”Ÿâ™¦NFTâ™¦æ›¸é“æ­´14å¹´
WonderGirlAmeli,14,False,110,,
BrittanyBu77352,2,False,51,,
Zamzam49306456,30,False,117,,verify my work
Z4YrpxAucHkhMXr,130,False,165,æ—¥æœ¬,å¹´é‡‘ã¯ã‚ã¦ã«å‡ºæ¥ãªã„ã‹ã‚‰å°‘ãªã„å‡ºè³‡ã§å„²ã‘ã‚‹æ–¹æ³•ã‚’ã‚ã¿å‡ºã—ã¦ã„ã¾ã™ã‚ˆã€‚ï¼¤Mã¯ãŠæ–­ã‚Šã—ã¦ãŠã‚Šã¾ã™ã€‚
OheeLenny6569,0,False,38,,
Ryo_N_AI,1186,False,1232,Tokyo,"çµµã¯å…¨éƒ¨AIã«æã„ã¦ã‚‚ã‚‰ã£ã¦ã„ã¾ã™ã€‚
ã‚·ãƒ¥ãƒ¼ãƒ«ãƒ¬ã‚¢ãƒªã‚ºãƒ ã‚‚å¥½ãã€‚All the pictures are drawn by AI. 
â—†pixiv https://t.co/jdMUskZkoM
â—†FANBOX https://t.co/FpGmNSVxBD
â—†å°èª¬å¢ @moscow1917"
rein8_21,4,False,63,,
ZackyyDz,53,False,228,,Algerian
Ansgar64205,2,False,18,,
KorYun_crypto,116,False,249,,"Web3 DEV
ğ™¢ğ™¤ğ™™
ğ™˜ğ™¢
@UEJJCOM
Discord: KorYun#0837"
NFTswapshop,21,False,96,United Kingdom,"Have you got NFT's you want to swap or want to start your journey? Post it here and find someone who wants to swap. No fees, no fuss, just swaps."
KalanAmul,23,False,68,,
DrSalmandr774,10,False,28,,
georgesare83571,0,False,6,,
servaldes77,538,False,1373,el mundo,
pinko_1986,9,False,19,Country,accountant home Sarasota #cryptotrading #artoftheday #abstractart
TadevLus,0,False,5,,
zjydudu,2,False,5,"Santa Clara, CA",First choice NFTï¼šPixel-Land
rasool3579,9,False,54,,ğŸ˜
Thecuterich,3,False,8,,This is The Cute Rich city.
MotherF_062785,3,False,198,,
JennyG90266630,95,False,42,,
to1euoff,2,False,40,,
yayattyani,1,False,11,,NO PROFILE
Stone_2332,51,False,131,,"Half man, half machine!"
Pictur3p1xels,3,False,20,,"ğŸ‘‰ NFTs by https://t.co/U5smGUfW18 ğŸ‘ˆ Photos, Pixel Art and PixelCams"
lvu66926,125,False,1696,,Há»c vien
KNKLHDZnft,0,False,4,,1999 KNUCKLE HEADZ NFT coming soon to Ethereum blockchain...
curoot12,20,False,126,,"only depend on the creator, we all can't do anything, except only Him"
AnunikeOny78201,4,False,20,,
nottthebestidea,20,False,141,,Chargingâ€¦
squirre_NFT,1621,False,123,United Kingdom,Intellectual | Gamer | NFT Holder | Crypto |
VaderVadernft,650,False,98,USA,#web3 #WOC | Manager for @Woc_io ğŸ‘¨â€ğŸ’» | Web 3 SpecialistğŸ¤– | NFT Artist ğŸ–¼ï¸ |
CodiParsh,10,False,48,,
VictorC90491174,137,False,528,"Abia, Nigeria","Always stay positive and focus on your goals ğŸ¥°ğŸ’šğŸ§¡ğŸ’›ğŸ’™ğŸ’œğŸ–¤â™¥ï¸.
Am friendly and I love everyone ğŸ’š

vc8413416@gmail.com"
lnn471098021857,2,False,7,,
itsharbil,58,False,161,Morocco,â€¢Business Online ğŸ’» & Digital Marketing ğŸŒ
zhngm16438105,1,False,12,,
Aasi_02,1,False,6,,ìì‹ ì„ ì‚¬ë‘í•˜ì„¸ìš” ğŸŒˆğŸ’œ
GrajalesMarta,2,False,10,,
NumbersKisslin1,5,False,58,,
hazem_rached,143,False,166,,â€â€â€ğŸ‡µğŸ‡¸ ğŸ‡µğŸ‡¸ ğŸ‡µğŸ‡¸ â€ğŸ‡µğŸ‡¸
RZT_photography,4,False,30,IR,"Im a photographer , beauty , style , food ,street , A little videographer 
Check my piece NFTs collection 
The world has no rules ğŸªğŸ“¸"
Lukaap16,1,False,7,,Here is a story that tells about contemporary heroes who fought to protect space It may soon be a reality #NFT
gold_engineer13,18,False,49,,"First I drink the coffee, then I trade the crypto..."
kunal9842,159,False,420,metaverse,"TRADER | AIRDROP HUNTER | NFT LOVER . ROAD TO CILLIONAIRE ğŸš€ğŸš€
Aptos | Solana | Eth
#Namaste"
MrKopi4,0,False,34,"Selangor, Malaysia",
samurairockers,63,False,202,JAPAN,æŸã¿CEOå…¼ ã‚¢ãƒ¼ãƒ†ã‚£ã‚¹ãƒˆï½œä»Šå›ã€ï¼œç¬¬ä¸€ç« ï¼NFTã‚’è²©å£²ã™ã‚‹ã¾ã§ã®çµŒéè¨˜éŒ²ğŸ’¾ã€ã¨ã—ã¦åˆ¥ã‚¢ã‚«ã‚’ä½œæˆï½œåƒ•ã¿ãŸã„ã«NFTãŒåˆ†ã‹ã‚‰ãªã„äººãŒå‚è€ƒã«ãªã‚‹æ§˜ãªç™ºä¿¡ã‚’ã™ã‚‹ï½œãƒã‚¸ã§å…¨ãã®ç„¡çŸ¥ğŸ¤¢ï½œã‚ˆã‚ã—ãğŸ«¡
TheNancyOlive,550,False,232,"Lagos, Nigeria",MultitalentedğŸ‘¸ğŸ½. Sarcasm is my mother tongue. All Round Creative
ji_hoon___,2,False,5,,I'm a maker of NFT #NFT
0xgladwin_abo,31,False,120,,NFT artist and animator
TedeskoDebera,12,False,46,,
nftitaliadev,1,False,6,0xItalia,#NFTItalia #web3dev #polygonCommunity Follow the #PurpleWave
coalescentia,13,False,31,"Montevideo, Uruguay","Record Label & Artistic Platform 
OUT NOW! VA Immersion I â¤µ"
ismailgulge,76,False,160,"Ä°zmir, TÃ¼rkiye",Bi'o yok
Liana08405390,2,False,2,Armenia,The Founder/Artist/Author/Designer of ArakeLiana Art
MorningZq,7,False,37,,
Mohamma37978661,1,False,37,,
aloewhat,8172,False,6708,"London, United Kingdom",#45YearsForeverDynamics  âšªï¸Be Yourself  âšªï¸Believe in Yourself  âšªï¸Be a Forever Grateful for Yourself had changed livelihood for mankind for last 45 years #FLPOW
BaagiBihariRaM,10,False,230,"Pune, India",Renewable energy clean energy...
Crypto_Arbitrum,6,False,37,,
seedicrypto,15,False,65,India,Crypto Enthusiasts #Nfts #Airdrop #Metaverse #Web 3.0
DigitalAssetHQ,20,False,94,,The best domains and NFTs on the internet.
YasinOzdum29115,2,False,34,,
Segnoprogetto,68,False,140,Udine,Italian 3D rendering studio
KNqash,106,False,83,Ø³Ø± Ù‚Ø¨Ø± Ø¯Ø§Ø³ØªØ§ÛŒÙˆÙØ³Ú©ÛŒ,ğŸ‘¹
Irishbhoy1916,1695,False,3848,Emerald isle ,Family â™¥ï¸ Veve Digital collectables â­• Celtic ğŸ€ Themeparks ğŸ¢ Travel ğŸŒ
EricFlash144220,2,False,51,,
vahidazadi91,1,False,16,,NFT to the moon
JimmySideNFT,8,False,57,"Mumbai, India","Stippling Artist | Unique hand made collection NFTs
DARK STORY Collection 

https://t.co/GnIRDAC4Hc
MAKE YOUR OWN STORY âœŒï¸"
BlazeMatador,2,False,10,,
galan_sptra,0,False,5,Jawa Barat,
iseungh15562754,0,False,7,,
Alejand08515011,8,False,27,,
chnjackson4231,0,False,35,,
Melvin514432072,6,False,57,,
judin002,10,False,26,,Goalsâ€‚determineâ€‚whatâ€‚you reâ€‚goingâ€‚toâ€‚be.
foluke_ad08,7,False,26,,Takeâ€‚timeâ€‚byâ€‚theâ€‚forelock.
angelodolphin,3950,False,3780,,I have been around 50 countries ğŸ‡³ğŸ‡ªğŸ‡ºğŸ‡¸ğŸ‡ªğŸ‡ºğŸ‡²ğŸ‡¾ğŸ‡¨ğŸ‡³ğŸ‡©ğŸ‡¿ğŸ‡¯ğŸ‡´ğŸ‡®ğŸ‡±ğŸ‡¨ğŸ‡¦.Ocean loverğŸ¤¿Currently inğŸ‡¯ğŸ‡µ. é•·å¹´ä¸–ç•Œå„å›½ã«ä½ã¿ã€æœ€è¿‘æ—¥æœ¬ã«å¸°å›½ã—ã¾ã—ãŸã€‚FANKSâ„¢ï¸ ãƒ‡ã‚£ã‚ºãƒ‹ãƒ¼ã‚¸ãƒ–ãƒªğŸ’“ALVARKğŸ€ã‚¸ãƒ£ã‚¤ã‚¢ãƒ³ãƒ„âš¾ï¸å­è‚²ã¦ä¸­
artnftinvest,7,False,36,,
Sophie1960_,6,False,85,,CloneX / BAYC / Azuki / Moonbirds / Digital Artist / DeFi  / Mods
MahiAlee2,11,False,27,,
Laura_90fx,6425,False,1064,"Los Angeles, CA",Analyst | Mentor | #Crypto Coach | telegram https://t.co/TLjOs9Acy7 | ğŸ‡ºğŸ‡¸
AIPunksNFTs,1468,False,121,,"From a community of art-loving AI nerds for the community! AI Punks is a one-of-a-kind collection of 10,000 unique generative art. Follow for weekly airdrops ğŸ"
DicksBrothers,531,False,724,,"Italian NFT creators self-financing their big plans for the future! Remember, you are investing in our ideas!  
Visit our website! 
Check out our Roadmap!"
jaya_adhik65964,3,False,6,Jalpaiguri,Hard work must be silent
wangbing4562,3,False,93,,
Akbar60209710,3,False,50,,
Jim_Jungwirth,2,False,16,,
UncleShawNFT,120,False,309,Metaverse,"I'm just a man, a graphical ghost from the Metaverse. Don't judge me for this sin / I don't ask you to mint my NFTs. They are me and I like them."
DteeOloyede,16,False,148,Abuja,With god everything iz possible 4rm sorrow 2 joy
Grogu_inf,16,False,38,,
dorianboyesen,75,False,680,Kiel,"Writer,
Authorized Translator/Interpreter. 
Editor, Critique and Publisher from Kiel, Germany
https://t.co/cYceiJ4hBy // https://t.co/JXIyf3xarW"
AmandaD17433990,12,False,61,,
CrazyBallonsLab,1,False,7,,
official78942,12,False,112,,
Lisa1952_,9,False,70,,MAYC #2250 / CloneX #2795 / BAKC #6099 / Moonbirds #2461 / Ex AWS
0xMTores,989,False,310,"Toronto, Canada","Crypto & NFT, Web3, P2E developer/builder. Founder/ Ceo Marketing. Social manager - 
@RealmMagical
 #BNB #ETH #MATIC #Blockchain #DeFi"
rerag_ramadan,7,False,28,,Energyâ€‚andâ€‚persistenceâ€‚conquerâ€‚allâ€‚things.
ArdyTjia,8,False,27,,Bitterâ€‚pillsâ€‚mayâ€‚haveâ€‚blessedâ€‚effectsã€‚
CryptoSoltan,8694,False,2892,,Wabalabadubdub
Tbusiness12,417,False,216,,
monkey324891,14,False,42,,
Dignftmedia,458,False,403,,The best place to dig deeper and uncover hidden treasures
alpler1703,1,False,35,,
ArefHo3ein,4,False,65,,
supriadi_bilal,7,False,30,,Timeâ€‚cannotâ€‚beâ€‚wonâ€‚again.
NimraKh31989353,0,False,3,"Ù„Ø§Ø¦Ù„ Ù¾ÙˆØ±, Ù¾Ø§Ú©Ø³ØªØ§Ù†",Ã‡HÃŠMÃST
CallMe_sixty9,4,False,19,,excited to see where this journey takes me and am ready to embrace all the challenges and opportunities that come my way #hopium
wk2061209842539,2,False,59,,
juliuskruse08,13,False,282,,
Abdulla13238155,6,False,50,,
sminaev2015,31043,False,34060,,Professor of pediatric surgery #sminaev #SurgTweeting #pediatric #surgery #healthtech #digitalhealth #ILookLikeASurgeon #Health
DeluxersNFT,2,False,2,Deluxe City âœ¨,Something is cooking..... ğŸ‘€ğŸ‘ƒğŸ”¥
Fahri2811184911,1,False,234,,
habibjafari1357,0,False,15,,
tobi_hyps,55,False,101,,Bored Ape Yacht Club
0x_leverage,1,False,24,,
amlandt,19,False,112,"LÃ¼beck, Deutschland","German Fantasy artist and author 
https://t.co/5ei5l3b16l"
BachirouG,28,False,406,,
balhaarsullad58,14,False,79,,Doodles || MAYC || Community Cultivator || Degen || meme maxi
th1scraftyk1d,6,False,32,,
goldmary46,12,False,30,,Industryâ€‚isâ€‚theâ€‚parentâ€‚ofâ€‚success.
itsranyafify,178,False,111,,Walking you through a Digital Renaissance âš¡ï¸
lutficopler9,9,False,29,Gresik Kota Santri,Geniusâ€‚onlyâ€‚meansâ€‚hard-workingâ€‚allâ€‚one sâ€‚life.
ArthurKostanya1,0,False,3,,
bouzid_hadjazi,24,False,187,,#BTC
amotsewkuoa,14,False,28,Maseru,"Ofâ€‚ourâ€‚mixedâ€‚lifeâ€‚twoâ€‚questsâ€‚areâ€‚givenâ€‚control:â€‚foodâ€‚forâ€‚theâ€‚body,â€‚friendshipâ€‚forâ€‚theâ€‚soul."
JWalz34,16573,False,16106,"Blue Dot, NE","DM=BLOCK. Podcast lover, fun runner. Insomniac. Quite Liberal ğŸŒŠğŸŒŠ True crime addict. Nike + Run Club app fan. Makeup geek."
aggroup_44,22,False,74,,
MandaravaStudio,5,False,111,,
boldcoreproject,43,False,4,,Moda Designer & artist. Bold as love.
MattGates01,5249,False,12,USA,"One of the creators of the newest cryptocurrency wallet Wardier!
My e-mail: MattGates@wardier.net"
TokenzNFTs,4,False,33,,Tokenz NFTs offers a collection of best Digital Art pieces out there â€¢ We are the choice of the alphas
MikeThomas_DDiv,50,False,221,"Loves Park, Illinois","ğŸ“Writer/Teacher, ğŸ‘¨ğŸ¼â€ğŸ¦²dad, ğŸ¤µğŸ½husband, ğŸ™‡ğŸ½â€â™‚ï¸minister, relationship coach, ğŸ§ ğŸ™ media CEO ğŸ¤ podcaster #NiteMoodzHQ â›°entrepreneur & Top Mentor @joinwisdom"
xiombatsg,28,False,192,,Future Techno Developers ä»£è¡¨ã—ã¦ã¾ã™ã€‚ã“ã®ã‚¢ã‚«ã‚¦ãƒ³ãƒˆã¯å€‹äººçš„ãªã“ã¨ã‚’ã¤ã¶ã‚„ãã¾ã™
Analysis__Time,158,False,69,,
_umbrellaaaaa_,6,False,21,,"I don't love life, but it loves me.
#NFT maker and #art lover"
clayta11,0,False,6,,
wang21311053391,8,False,43,,
b77057221,3,False,24,,
KavindaMah86672,5,False,44,,
peterjose5656,11,False,73,,
aymenali2296,11084,False,372,,"Family man - 4 years married
Love crypto and nft's"
faterdengirl,2,False,5,"Bodrum, TÃ¼rkiye",NFT ARTIST
VireshBITC,3,False,22,,best nft art in all wold
fernando_huynh,66,False,625,,"The first rule of Fight Club is: you do not talk about Fight Club. 
The second rule of Fight Club is: you DO NOT talk about Fight Club!"
leoken223,13,False,83,Nigeria,"Am an NFTs marketer 
Visit my Discord Link for more details about my NFTs
https://t.co/cw4ZT5HKBW"
gallano123,11,False,26,,Friendshipâ€‚isâ€‚likeâ€‚aâ€‚plantâ€‚ofâ€‚slowâ€‚growth.
devonwither14,0,False,6,,
gasdf57022,18,False,49,,
pix31258275,12,False,108,,"Hello. My name is pix:)
I released a free pixelart asset on https://t.co/T9QfLnYLxY!
Feel free to use them in your games!
https://t.co/JEzfqOgzhv"
Phettybillionz,21,False,202,,"Physically attracted to intelligent people
( Sapiosexual )ğŸ’¯"
darpanNFT,2,False,3,,DAR is square & PAN is circular ğŸ‘€ you can buy it at opensea
ArenEritsyan,6,False,19,,Aren
Bailerism,294,False,2915,,Bail with us â¤ï¸ We are the bailing band. Listen to us on every platform. Itâ€™s alive! // independent bailers unite tomorrow  #bailerism #bailthatshit #bailwar
